SMILES,logP,QED,NumAtoms
Cc1ccc([C@H]2NC(=O)c3oc4ccccc4c(=O)c32)cc1,2.9342200000000016,0.7496101228792041,22
O=CN1[CH]Cc2c([nH]c3ccccc23)C1,1.8441899999999998,0.698859124120386,15
O=C1NC(=O)c2cc3ccccc3cc21,1.7234,0.6534611410951944,15
CC(C)C[C@@H](O)[C@@H]1CCCc2cccnc21,2.908500000000001,0.8475842560635406,16
CCC(=O)NNC(=O)[C@@H]1CCOc2ccccc21,1.1100999999999992,0.7703580064720829,18
Cc1noc2c1[C@@H](c1ccco1)C(C#N)=C(N)O2,1.7941999999999998,0.819354402775973,18
O=C1CCCN1c1cccc(Cl)c1/C([O-])=N/S(=O)(=O)CCCF,1.2631,0.5632276503227844,23
Cc1ccc(/N=C\c2cc([N+](=O)[O-])ccc2[O-])cc1Cl,3.3808200000000017,0.49341171666408506,20
COc1cccc(C2=NO[C@H]([C@@H]3C=C(c4ccc5ccccc5c4)N=N3)N2)c1,4.331400000000004,0.7431475176485621,28
COC1CCCCCc2nc3ccccc3c(=O)n21,2.6580000000000004,0.789528016493278,19
[NH3+][C@H]1CCCCCC[C@@H]1[S@](=O)c1cccc(F)c1,2.2665999999999995,0.8800240894215374,18
CC1CCC2(CC1)[C@H](C#N)C(=S)N=C([O-])[C@@H]2C#N,1.56226,0.6187132369849235,18
Cc1cc2c(c(/C=N/NC=O)c1)O[C@@]1(C=C2)Oc2ccccc2C(=O)N1C,2.29892,0.5154916618082451,27
C[C@@H](C=O)CS(=O)(=O)c1ccc2c(c1)NC(=O)[C@H](C)[SH]2c1ccccc1,3.0551000000000013,0.606378696251946,26
CN1C(=O)C([C@@H]2c3c(n(C)c(=O)n(C)c3=O)Oc3ccc4ccccc4c32)C(=O)N(C)C1=O,1.1413999999999989,0.5165216534533088,33
C[C@@H]1c2ccccc2N=c2s/c(=C/C=O)c(=O)n21,0.7631999999999992,0.7091845396140997,18
O=C1CS[C@]2(N1)C(=O)Nc1ccccc12,0.6544999999999995,0.6747730169898191,15
OCC#CC1=CC[C@H]2C(C#CCO)=CC[C@H]12,0.8703999999999998,0.5873883921744809,16
COc1ccccc1S(=O)(=O)/N=C(\[O-])C1=Cc2ccccc2OC1,1.6186999999999998,0.6211005991907542,24
Cn1c(=O)n(Cc2ccc([N+](=O)[O-])cc2)c2ccc([SH](=O)=O)cc21,1.2668,0.43466108721613905,24
O=C(N/N=C\c1ccco1)C(=O)N/N=C\c1ccco1,0.4729999999999995,0.47952546138233165,20
N/C(=N/O)[C@@H]1CCCC2=c3ccccc3=[NH+][C@@H]21,-1.5337999999999983,0.23686153370887159,17
N#C[C@@H]1C(=O)N=C2C(=C1c1ccccc1Cl)CCc1ccccc12,4.209080000000003,0.7851182204410957,24
CC1(Cc2ccccc2)[C]2CC[C@@]1(C)c1nc(C#N)c(C#N)nc12,3.4566500000000024,0.8507648328252706,24
O=S(=O)(N1CCCCC1)N1CCNCC1,-0.3776999999999995,0.7073547523434204,15
CN(C)/C=C1/C(=O)N=c2ccccc2=C1[O-],-1.2395999999999991,0.5505868735107325,16
N=C(NN=Cc1ccncc1)NN=Cc1ccncc1,0.95857,0.43626305543551913,20
Cn1ncc2c1CCC[C@H]2[NH2+][C@@H]1CCc2ccccc21,2.0483999999999996,0.8885094586342718,20
OCC/N=C1/CCCc2c1[nH]c1ccccc21,2.2856000000000005,0.8136267672273603,17
O=C1Nc2ccccc2[C@@]12NCCC1=c3ccccc3=[NH+][C@H]12,-1.2393999999999965,0.5684675425114858,22
C=C1C(=O)O[C@H]2[C@H](O)[C@@H](C)[C@@H]3[C@@H](O)C[C@@H](O)[C@@]3(CC(C)=O)[CH][C@H]12,0.006289999999999463,0.4882889365883983,23
CC(=O)N1N=C(c2ccccc2Cl)C[C@@H]1c1ccccc1,4.037600000000003,0.8234060903854569,21
CC(C)C(=O)/N=C1/N[C@@H]2CS(=O)(=O)C[C@@H]2S1,0.027000000000000135,0.7211614675035029,16
Cc1ccc2c3c(sc2n1)C(C(N)=O)[C@@H](C)CC3,2.7559199999999997,0.8567953465435869,18
C[C@]12CNc3ccc[nH+]c3N[C@@H]1COC2,0.7431999999999997,0.6580249115444058,15
[NH3+]C1CCC(O)([C@H]2CCO[C@]3(CCOC3)C2)CC1,0.48769999999999936,0.7172541749449788,18
Cc1n[nH]c2c1[C@H](c1cccc(N3CCOCC3)c1)C(C#N)=C(N)O2,1.7729,0.866169449544348,25
C[C@H]1C(=O)NC(=O)C[C@H]1C1CCCCC1,1.8655,0.6699876429293237,15
Cc1nc2sc3c(c2c2ncnn12)[C@H](CN1CCOCC1)CCC3,2.3995200000000008,0.7150854576964081,24
Cc1cccn2c(=O)c3ccsc3nc12,2.21762,0.5771322266177169,15
COc1ccc[nH]/c1=N\S(=O)(=O)/C=C/c1ccccc1,1.9246999999999996,0.9348106795598138,20
O=CCCC/C([O-])=N/S(=O)(=O)c1cccs1,0.5648000000000001,0.32356353567703605,16
CSCC1=C(C(C)=O)[C@H](C)N=C1C(=O)NNC=O,-0.14470000000000027,0.5185619886648011,18
CC(=O)NN1C(=O)NC2(CCCCC2)C1=O,0.29219999999999935,0.6295357349144615,16
Cc1ccc2[nH+]c3c(n2c1)[C@H](c1ccc(O)cc1Cl)CC(=O)NC3,2.5726199999999997,0.7133856380966284,24
C[C@@H](C(=O)[O-])N1C(=O)CSc2cccn2-c2ccccc21,1.0543999999999991,0.8315775305041618,21
N#C[C@@]1([C@@H](O)C(=O)[O-])CCCc2ccccc21,-0.10492000000000057,0.7681840861314392,17
O=c1c2c3c(sc2ncn1/N=C\c1ccccc1O)CCCC3,2.9246000000000008,0.7367015409704819,23
Cc1noc(C)c1Oc1ccccc1/C=N/N1[CH]N=[NH+]C1=S,1.6702299999999994,0.6858211932395154,22
[O-]c1c2c(nc3c(F)c(Cl)ccc13)CC[NH+]C2N1CCOCC1,0.3370000000000002,0.8153173123326131,23
c1ccn(Nc2cncc3nnnn23)c1,0.19599999999999967,0.6405896934494111,15
CCC1N2CN3C[NH+](C2)CC1(/C(=N\N=C\c1ccccc1)c1cccc([N+](=O)[O-])c1)C3,1.5852,0.4381673231809456,31
C[C@H]1[C@H]2C[C@H]([C@H](S(=O)(=O)[O-])C2=O)C1(C)C,0.7812999999999997,0.6249627485125359,15
O=C([O-])C1=C[C@@H](c2cccc(Br)c2)n2nnnc2N1C1CCCCC1,1.8114999999999997,0.777193520150528,25
CN(/N=C/c1ccc(Cl)c(Cl)c1)C1=[NH+]CCCCN1,1.0791,0.6337954436355552,19
O=C(c1c(/C=N/[C@H]2[CH]CS(=O)(=O)C2)cccc1[N+](=O)[O-])C(Cl)(Cl)Cl,2.5678900000000002,0.24826556727396423,24
CC(C)c1cccc(C2=NC(=O)CC(c3cccnc3)=N2)c1,3.3712000000000018,0.8702162618237104,22
[NH3+][C@@]1([C@@H]2CCOC3(CCCCC3)C2)CCCOC1,1.906999999999999,0.7766856863262702,18
Oc1ccc(/C=N\n2cnnc2)cc1O,0.5714999999999999,0.5529973675664674,15
C[C@H](/C([O-])=N/c1ncn[nH]1)S(=O)(=O)c1ccc(F)cc1,0.19649999999999973,0.49192489406277845,20
Cc1ccc(-c2ccccc2C2=c3cccc(C)c3=[NH+][CH]2)cc1,2.0450300000000006,0.7440528164742207,23
Cc1ccc(S(=O)(=O)/N=C(\[O-])NN2CCC(C)(C)CC2)cc1,1.0266199999999996,0.6628351076866266,22
Cc1cc2c(s1)=Nc1ccccc1[NH2+]C=2N1CCN(C)CC1,0.5294199999999996,0.7797323145286542,22
O=C1NC2(CC[NH2+]CC2)Nc2ccc(Cl)cc21,0.5487999999999997,0.6316665838183387,17
O=c1[nH]c2ccc([SH](=O)=O)c(-c3nccs3)c2[nH]c1=O,0.3101999999999999,0.4656519432355842,20
C[C@H]1CC(C)(C)N2C(=O)/C(=N/c3ccc(F)cc3)c3cccc1c32,4.5789000000000035,0.7562271655721964,24
NC(=O)N/N=C/c1coc2ccccc2c1=O,0.7951999999999999,0.5902340911543571,17
CN1CN(c2ccc([N+](=O)[O-])cc2)N=N1,1.5863,0.5447238672988669,15
CN(C)S(=O)(=O)N1CC=C(c2c[nH]c3ccccc23)CC1N1CCCC1,2.4853000000000005,0.8944415528527362,26
CCC(=O)n1ncc(S(=O)(=O)c2ccccc2SC)c1N,2.0702000000000003,0.8646991686839243,21
O=C1C[C@@H](C2=CC=C[C@H]3N=CC=C23)[C@H]2[C@@H](CN1)N=C1C=CC=CN12,1.5329,0.7970520166903908,24
O=C([O-])C(F)(F)[C@H]1CCCc2cccnc21,0.8866999999999996,0.7519825037838275,16
Cc1ccc2c(c1)N(CC=O)C(=O)[C@@H](C)O2,1.3078199999999995,0.7043795496253492,16
CN(C)c1c(Cl)cccc1/N=C\c1c[nH]nc1O,2.5853,0.8377563569942424,18
O=C1CC(=O)N(N2CCOCC2)c2ccc([SH](=O)=O)cc2N1,-0.4207000000000001,0.566273943062087,22
CN(C)S(=O)(=O)n1cnc2ccccc21,0.6907999999999996,0.7552880567701935,15
O=[N+]([O-])c1ccc2oc([S@@](=O)[C@H]3CCC[NH2+]C3)nc2c1,0.5693999999999998,0.6585452660140092,20
C[NH+]1[C@@H]2CC[C@H]1C(c1ccccc1)CN(S(=O)(=O)N1CC[NH2+]CC1)C2,-1.7446999999999944,0.6669427322250279,25
C[C@@H]1Oc2ccccc2N(CC=O)C1=O,0.9993999999999996,0.676504849253575,15
Cc1cc(C)c2c(c1)s/c(=N/C=O)n2Cc1ccccc1I,4.029640000000003,0.46380673485698753,22
C[C@H](C(=O)[O-])[C@H](C)S(=O)(=O)C1CCOCC1,-0.6452999999999989,0.6611286680252237,16
Cc1ccc2c(c1)[C@@H]1C[NH+](C)CC[C@H]1N2,0.7911199999999996,0.6371673581198729,15
C=CCc1cc([N+](=O)[O-])ccc1/C=[NH+]/[C@@H]([CH]O)CO,-0.28200999999999876,0.2728727915131147,19
Cc1ccc2oc(C3=CC[NH+](C)CC3)nc2c1,1.4380199999999999,0.8017490747834057,17
O=C1N[C@@H](c2ccc(F)cc2-c2ccccc2Cl)c2c1oc1ccc(F)cc1c2=O,5.224400000000003,0.4803343507736483,30
Cc1[nH+]n(C)c2c1NC(=O)[C@H]1COC[C@H]1N2C,-0.44907999999999926,0.6646497077043042,17
CC1=C(C)C(C)=C(C)[C@@H]2C(C[C@@H](C)[NH3+])=CN=C12,2.6479999999999997,0.7588104986571398,17
C[C@@H]1[NH2+]C[C@]2(CCCS(=O)(=O)C2)O[C@@H]1C,-0.6955999999999987,0.6030471442631877,15
[NH2+]=C(N/N=C\c1ccccc1F)N/N=C\c1ccccc1F,0.6271000000000013,0.4400838146580409,22
C[C@H]1CC(=O)Nc2cc([SH](=O)=O)ccc2S1,1.4797,0.7480247963260753,16
CON1c2ccc(C)cc2[C@@H]2C[NH+](C)CC[C@H]21,0.7470199999999996,0.7705985113930188,17
Cn1c(=O)c2ccccc2n2cnnc12,0.5811999999999999,0.5330858390587766,15
Cc1ccc(S(=O)(=O)n2nc(C)c([SH](=O)=O)c2CN2CCOCC2)cc1,0.5394400000000001,0.7328432040430312,26
O=C1Nc2ccccc2/C1=N/[C@H]1CCS(=O)(=O)C1,0.6149,0.8073385903500649,18
O=C1C[C@@H]([C@@H]2COc3ccccc3C2=O)C2=CC3=CN=NC3=C[C@@H]2N1,2.5562000000000005,0.857499309199669,25
Cc1cc(C)c(S(=O)(=O)Nn2cnnc2)c(C)c1,1.13576,0.9032726998042125,18
CON1[CH]NC(=O)c2c1sc1c2CC[NH+](C)C1,-0.45060999999999996,0.7124332775694175,17
Cc1cc(C2CCc3c2nc2n(c3=O)[C@@H](CC=O)CS2)ccc1Br,3.6281200000000027,0.5782836986984964,24
CC(C)C1CCCc2cc3c(cc21)OCCC[C@H]3[NH2+],3.0039000000000016,0.8263300705924551,19
Cc1cc(F)cc(S(=O)(=O)/N=C(\[O-])c2cnn(C)c2)c1,0.36341999999999974,0.604277153750234,20
C[C@@H]1N=NC2=C1[C@@H](C1=CC[C@H](C)O1)C(C#N)=C(N)O2,2.08528,0.7787724712445305,19
COc1cccc(/C=N/NC(=O)[C@@H]([NH3+])CC(C)C)c1O,0.507499999999999,0.5226752790794259,20
O=c1cn[nH]c(N/N=C/c2ccc(Br)cc2)n1,1.3733999999999997,0.6613684654634283,17
CCCC(=O)/N=c1/[nH]c2cccc(-c3ccccc3)c2s1,4.123800000000003,0.7759398582291304,21
Cc1ccc(S(=O)(=O)/C=C/C(=O)[O-])cc1,0.03231999999999968,0.6801955204254527,15
Cn1cc([C@@H]2C[CH]N(c3ccc4c(c3)OCCO4)c3ncnn32)cn1,2.0757899999999996,0.7129531888948878,25
C[C@@H]1CN(S(=O)(=O)N2CC=C(c3ccccc3)CC2)C[C@H](C)O1,2.1296999999999997,0.8495429208054085,23
CC1=C(C=O)[CH]C2=C(CC(C)(C)CC2=O)N1,1.90999,0.6837508236703822,16
O=S(=O)(N1CCNCC1)N1CCOCC1,-1.5313999999999979,0.6305420357266295,15
O=C([O-])CC1c2ccccc2CCc2ccccc21,2.0571,0.8192889739015174,19
CCCC[C@H](C(=O)[O-])[C@@]1(O)CCCc2ccccc21,1.7667999999999997,0.8783461864429075,19
NC(=O)c1cc(F)ccc1N1[CH]CC(C(=O)[O-])=N1,-0.5976100000000002,0.7728614153228552,18
Cc1cc/c(=N/S(=O)(=O)c2ccc(C#N)c(Cl)c2)[nH]c1,2.1378000000000004,0.9218351662759422,20
O=c1c2ccccc2nc2n1C(CCO)CCCCC2,2.436500000000001,0.9132034487465759,20
CC1(Cc2ccc(Br)cc2)[C]2CC[C@@H]1c1nc(C#N)c(C#N)nc12,4.045050000000003,0.7905386246727268,24
Cc1cccn2c(=O)c3c(nc12)CCNC3,0.64862,0.7015106656460424,16
COc1c([SH](=O)=O)cc2c(=O)n(C)nc(C)n12,-0.6796800000000005,0.7207476398665632,17
NC(=O)N/N=C/c1ccc2ccccn12,0.9414999999999996,0.5517833552952642,15
CC1(C)CC(=O)C2=C(C1)Nc1c(C#N)cnn1[C@H]2c1ccc(O)cc1,3.1184800000000013,0.8359386774317135,25
CN1C(=O)[C@@H]2N=C(c3cccc([N+](=O)[O-])c3)C(O)=C2N(C)C1=O,1.0594999999999999,0.6465240531874731,23
O=S1(=O)CC[C@@H](S(=O)(=O)c2ccc(F)cc2)C1,0.7865000000000002,0.7499327607516311,17
CC/C(=N\c1cccc2ccccc12)C1=C([O-])CCCC1=O,3.689700000000002,0.8100669340647577,22
CC1(C)O[C@@H]2[C@@H](O1)[C@H](O)O[C@H]2[C@H]1COC(C)(C)O1,0.37519999999999976,0.7347567706763514,18
C[C@@H]1CN(C)C(=O)/C1=N/Nc1ccccc1,1.5626,0.7640152443958398,16
O=c1c2ccccc2nc2n1CCCCC2c1cccnc1,3.1073000000000013,0.6918804377636761,22
Cc1ccc2c(c1)=C1C(=C[CH][SH]1C(=O)[O-])C(=O)[NH+]=2,-2.210089999999997,0.5196304727406444,18
Cn1ncnc1/N=C(\[O-])N1CC(=O)N[C@H]2CCCC[C@@H]21,-1.0940999999999992,0.5190775606677284,20
O=C1N=C(c2ccccc2)N=C2CCCC[C@@H]12,2.6046000000000005,0.7253132175313222,17
C1CCO[C@H]([C@H]2C[NH2+]CCCCO2)C[NH2+]C1,-1.5287999999999955,0.5742172484674154,16
COS(=O)(=O)c1ccc2c(c1C)OC(C)(C)CC2=O,2.07392,0.7775575497809653,19
N#C[C@@]1([C@]2(O)CCC[CH]C(c3ccccc3)C2)CCOC1,3.209870000000002,0.8484164584669075,21
Cn1c(=O)/c(=C\c2ccsc2)s/c1=C\C(=O)C(C)(C)C,1.7328,0.847487776153149,20
Cc1ccccc1[C@H]1C(C#N)=C(N)Oc2c1c(=O)[nH]c1ccccc21,3.0547000000000004,0.7175112860383154,25
C[NH+]1CCC2(CC1)Oc1ccccc1[C@H]1CC(c3ccccc3)=NN12,2.2349000000000006,0.8665735423378124,25
[NH2+][C@@H]1c2ccccc2C2(CC[NH2+]CC2)[C@H]1O,-1.2750999999999981,0.5001858595057433,16
C=CCC1c2sc3nc[nH]c(=O)c3c2CC[C@H]1C,3.2266000000000012,0.8425906871778611,18
Cc1cc(C)c2c(c1)[C@@]1(NC(=O)[C@H]3COCCN31)C(=O)N2,0.23893999999999976,0.7168876763476859,21
O=C(CCl)/[NH+]=C1\C=CC2=NC([O-])=NC2=C1,-2.1019999999999985,0.40827418363412254,15
Oc1ccccc1/C=N/N1CCCCC1,2.2120000000000006,0.7496315934745036,15
Cc1ccc(/C=N/Nc2nc3ccccc3s2)o1,3.643720000000002,0.5753295392592805,18
CC1=C(C=O)[C@H](c2ccc3c(c2)OCO3)C2=C(CC(C)(C)CC2=O)N1,3.2182000000000013,0.8383149161203984,25
CC/[NH+]=C(/N)N1C[C@@H]2C[NH+]3CCCC[C@@H]3[C@@H]2C1C(C)(C)C,-1.1846999999999956,0.42093399589729363,21
COCN1[C]2CCC(=O)N2c2ccccc2C1=O,1.36259,0.7901619898898999,18
ClC1=NC2=NC=N[C@@H]2C(N2CCCCC2)=N1,1.2882,0.5859771574919918,16
O=C([O-])C[C@@H]1NCCc2c(Br)cccc21,0.7759,0.8626374706245336,15
O=S(=O)(/N=C(\[O-])c1ccccc1F)c1ccccc1Br,2.0839999999999996,0.6239648660758269,20
O=C1CSC([N-]N/C=C2/C=CC=CC2=O)=N1,1.0731,0.5727361022843374,16
CC/N=c1\c(O)c(O)c1=[N+]1CCN(C)CC1,-1.3883999999999974,0.5775620536989599,16
Cn1c(=O)c2c(c3ccccc31)OC(=O)C[C@H]2c1ccccc1Cl,3.632900000000003,0.6359785570643732,24
CCC(=O)Nn1c([O-])c2ccccc2nc1=S,1.3194899999999998,0.813639074277484,17
Cc1n[nH]c2c1[C@@]1(C(=O)N([C@@H](C)C(=O)[O-])c3ccccc31)C(C#N)=C(N)O2,-0.42450000000000004,0.7345947305156165,27
O=C([O-])C1=C[C@@H](c2cccc(Br)c2)n2nnnc2N1,0.08429999999999954,0.8417689569501658,19
CCCCS(=O)(=O)c1nc2nc(C)c(Br)c(C)c2s1,3.644440000000003,0.8321276715992023,19
COCN1[CH][C@H]2[C@@H](C)NC(=O)N(C)[C@H]2[NH+]=C1O,-1.9519099999999965,0.5256314294579622,17
C=C(C(=O)[O-])[C@@H]1CC[C@]2(C)CCCC(=C)[C@H]2[C@H]1O,1.4259999999999997,0.5945880716331471,18
C[NH+]1CCc2c(sc3c2C(=O)N[CH]N3)C1,-0.4065100000000001,0.5599394780872488,15
C[C@@H]1CCC[C@]2(CC(=O)NC(=O)[C@@H]2C)C1,1.8655,0.6189402225961438,15
CC[SH]1CCC(=O)Nc2cc([SH](=O)=O)ccc21,1.3791,0.7133711754811234,17
O=C1NCC(=O)N2CCc3ccccc3[C@H]12,0.2421999999999993,0.6751486323483873,16
Cc1ccc(Cn2c(=O)n(C)c3cc([SH](=O)=O)ccc32)cc1C,1.97544,0.7470976180380438,23
CCC1CN(S(=O)(=O)N2CCOCC2)CCN1,-0.7527999999999986,0.7274584306243321,17
Cc1cc(C)cc(C2=CC[NH+](C)CC2)c1,1.6052399999999996,0.705417342070192,15
CC(C)(C)c1cc(/C=N/NC2=N[C@H]3[NH+]=c4ccccc4=C3N=[NH+]2)ccc1O,-1.6360999999999961,0.38095546643353523,27
O=C1Cc2cc([SH](=O)=O)cc3c2N1CCC3,0.4922000000000002,0.7232889862947656,16
NS(=O)(=O)c1cc([C@@]2(O)NC(=O)c3ccccc32)ccc1Cl,0.9242000000000001,0.7560395435859316,22
O=C(CC1=c2ccccc2=[NH+]C1)N/N=C/C1=C[C@@H]2SC=C[C@H]2S1,-0.32839999999999825,0.5820833714117484,23
Cn1c(=O)c2ccc(N)nc2n(C)c1=O,-0.7856000000000003,0.6122220089981979,15
CC1(C)[CH]N2C(=O)c3ccccc3[C@@H]2S1,2.828190000000001,0.6670758659605969,15
CC1(CCC(=O)[O-])[CH]N2C(=O)c3ccccc3[C@H]2S1,1.3383899999999995,0.8348892045081736,19
[NH2+]=C(c1ncc(Cl)cc1Cl)N1CCOCC1,0.22630000000000017,0.5811467986780667,16
NC1=[NH+][C@@H](c2cccs2)n2c(nc3ccccc32)N1C1CCCCC1,2.1926999999999994,0.7432030489726846,25
O=[N+]([O-])c1ccc(Cl)c(/C=N/n2cnnc2)c1,1.7218999999999998,0.4721082291369867,17
COC1CCCN(S(=O)(=O)N2C[C@H](C)C[C@H](C)C2)C1,1.3199,0.7874886714119299,19
Cn1c(=O)c2c(nc3n2CCN3)n(Cc2cccs2)c1=O,0.4319999999999995,0.7449915811698875,21
Oc1ccccc1/C=N\n1c2ccccc2c2ccccc21,4.382300000000003,0.5454093573970139,22
CC(=O)C(C#N)=C1Nc2ccccc2N1,1.8481799999999997,0.5347698012834475,15
O=[N+]([O-])c1ccc([O-])c(/N=C/c2cc(Cl)cc(Cl)c2O)c1,3.4314,0.530439886534859,21
CCc1ccccc1/C([O-])=N/S(=O)(=O)C(CC)CC,1.8742999999999996,0.5905663333684934,19
C[C@@H](CCl)CS(=O)(=O)/N=c1\ccc2[nH+]c([O-])c([O-])[nH]c-2c1,-0.8137999999999994,0.7359710705631248,21
C[C@H]1Cc2ccccc2N1C1CCCCCc2nc3ccccc3c(=O)n21,4.462800000000004,0.6436241666994701,27
CSC1=C(C#N)[CH]C2=C(N1)C(c1ccccc1)CCC2=O,3.2928700000000015,0.9093293625762943,21
Cn1ncc2c1NC(=O)C[C@H]2c1cccnc1,1.2892,0.7996541359179109,17
CCC[n+]1cnc2sc3c(c2c1N)CCCC3N1CCOCC1,2.2856000000000005,0.8757936590267873,23
O=C1NC(=[SH][NH+]2CCCC2)N2C[C@@H]3[NH+]=c4ccccc4=C3C[C@@H]12,-3.729599999999996,0.3161837103284203,23
COc1cccc([C@@H]2CC(O)=Nc3c2cnn3C)c1,2.5523000000000007,0.8989964118367855,19
Cn1c2c(c(=O)n(C)c1=O)[C@@H](c1cccc(C(C)(C)C)c1)C1=C(N2)c2ccccc2C1=O,3.5465000000000027,0.6447312999992005,32
O=C1NC(=O)C2(Cc3ccccc3N3CCC[C@@H]32)C(=O)N1,0.5638999999999994,0.6828922001493596,21
COc1cccc(NN=C2C(=O)CC(C)(C)CC2=O)c1,2.4213000000000005,0.8594584400416966,20
CCc1cc([N+](=O)[O-])ccc1[C@H]1NC(=O)c2oc3ccc(Cl)cc3c(=O)c21,3.7498000000000022,0.5468622078403274,27
CCC1CCCCCc2nc3ccccc3c(=O)n21,3.464100000000002,0.7827875705032873,19
COc1ccccc1/C=c1/s/c(=C\[N+](=O)[O-])n(C)c1=O,0.29890000000000017,0.6021485793486477,20
N#CCCC[NH+]=C(c1ccccc1)c1ccccc1,1.9083799999999997,0.6376793614357096,19
NC1=NC(=O)[C@@H]2C(=[NH+]1)c1ccccc1CC21CCCC1,0.14390000000000014,0.702697576246279,20
Cc1n[nH]c2c1[C@@H](c1cc3c(cc1[N+](=O)[O-])OCO3)SCC(O)=N2,2.7792200000000005,0.6315708166988743,24
Fc1ccc(/C=N/n2cnn3nnnc23)cc1,0.34209999999999996,0.5960357416657214,17
Cn1nnc2c1C(=O)c1ccccc1C2=O,0.5905,0.5478765066415899,16
CO[C@@H]1O[C@H](OC)c2ccc([N+](=O)[O-])cc21,1.9149999999999998,0.5800699293566498,16
CCO[C@]12C(=O)c3ccccc3[C@]1(O)OC(C)=C2C=O,1.3064,0.8411698020039494,20
CC(C)=NNc1cc([N+](=O)[O-])cc2c1C(=O)N(C)S2=O,1.5107,0.516845838375208,20
Cc1ccc(C2=[N+]([O-])[C@H]3CCCC[C@@H]3[N+]([O-])=C2)cc1C(C)(C)C,3.4978200000000026,0.5882643619707186,23
O=C([O-])[C@@H](F)[C@H]1CCCc2cccnc21,0.5894999999999996,0.7143311193951954,15
O=c1c2ccccc2nc2n1CCCCC2,2.1228999999999996,0.6729597307625524,16
O=S(=O)(N1CCCC1)N1CCC2(CCCCC2)C1,1.9831999999999999,0.7710358048352192,18
C=CCc1ccccc1[C@H]1C(C=O)=C(C)Nc2ncnn21,2.4944000000000006,0.690232815165209,21
C[NH+]1CCc2c(sc3c2C(O)=N[CH]N3)C1,0.16828999999999988,0.5869693463882651,15
CC1=Cn2c(nc3ccccc32)[C@H](C)O1,2.945800000000001,0.6533612703606643,15
Cc1cccc2c1S[C@@H]1CCCC[C@H]1OC(=O)N2,3.9604200000000027,0.7696121892038308,18
O=C1[C@@H]2Cc3c([nH]c4ccccc34)CN2C(=O)CN1/N=C/c1c(Cl)cccc1Cl,3.604300000000003,0.6354188421845166,29
C(=N/NC1=N[C@@H]2[NH+]=c3ccccc3=C2N=[NH+]1)\c1ccc2ccccc2c1,-1.4859999999999973,0.3859827055180839,26
CC(C)(C)N1C(C(=O)[O-])=C[C@@H](c2cccc(Br)c2)n2nnnc21,1.2772999999999994,0.7837643927807828,23
O=c1cc([O-])nc2sc3ccccc3n12,0.9827999999999995,0.5637286535804429,15
O=c1c2ccccc2nc2n1CCCCCC2,2.513000000000001,0.6941025240548098,17
[O-][N+]1=C2CCc3c(no[n+]3[O-])[C@]2(O)[C@H]2CCCC[C]21,0.12889,0.5300323161966741,19
CC1=C2C(N)=C(C#N)C(C)=C2C(N)=C1C#N,1.1193600000000001,0.6252249924056473,16
O=S(=O)(N1CCCCC1)N1CCOCC1,0.049300000000000344,0.6781055373832975,15
CNC(=S)n1nc(C)c2c1C[C@@H]1[C@H]2C1(C)Cc1ccccc1,3.0624200000000013,0.8646146997381802,22
C[C@]12C=CC(=O)C=C1CC[C@H]1[C@@H]3CC[CH][C@@]3(Cc3ccccc3)CC[C@@H]12,5.721390000000006,0.6696224523518286,26
CCCCN1C(=O)CCc2ccccc21,2.765900000000001,0.7393544124680755,15
O=c1/c(=C/c2ccccc2)sc2ncnn12,0.6987,0.6167914137840147,16
O=C1OCC[C@]12Sc1ncccc1C2=O,1.0556999999999999,0.483963751440983,15
CC(C)=Nn1cnc2c1=NC(C)(C)NC=2C(N)=O,-1.3205999999999982,0.6350189770184753,18
C=CCC1NCC[C@@H]1S(=O)(=O)c1nc(C)cc(C)n1,1.1737399999999996,0.6624276755688199,19
Cn1c(=C(C#N)C#N)s/c(=C/c2ccc(F)cc2)c1=O,0.6125600000000001,0.7706655054988949,20
CC(=O)N/N=C/c1ccc([N+](=O)[O-])cc1[C@H]1COc2ccccc2O1,2.577300000000001,0.5228660081451273,25
Cc1nc2sc3c(c2c2nncn12)CC[C@H](C)C3,2.772220000000001,0.6224604427799466,18
CC1(C)C(=O)N(CC(=O)CCC(=O)[O-])c2ccc([SH](=O)=O)cc21,-0.6196999999999999,0.692055231433023,23
CC(=O)C[C@@]12[CH]C(=O)C[C@@H]1[C@H]1CCC3=CC(=O)CC[C@@]3(C)[C@@H]1CC2,3.8607900000000033,0.7736110605553149,24
C/C(=N\Nc1ccncc1[N+](=O)[O-])C(=O)[O-],-0.47250000000000036,0.41799186366488184,16
Oc1c(Br)cc(Br)cc1/C=N/NC1=N[C@H]2[NH+]=c3ccccc3=C2N=[NH+]1,-1.408599999999999,0.324986630645234,25
N#C[C@]1([C@@]2(O)CCS(=O)(=O)C2)CCOc2ccccc21,0.7800800000000001,0.8264541272296242,20
C[NH2+][C@H]1c2cccc(F)c2S(=O)(=O)[C@H](C)[C@@H]1C,0.8719000000000003,0.8124287878316327,17
c1ccc2c(c1)CCN[C@H]2c1nnc2ccncn12,1.3594,0.7092179887966272,19
CN1C(=O)N(C)[C@@H]2OC3O[C@H]4[C@H](OC3O[C@H]21)N(C)C(=O)N4C,-0.9689999999999979,0.5720031112724366,22
CC(C)S(=O)(=O)[C@H](C)/C([O-])=N/c1nc2ccc(F)cn2n1,0.47039999999999926,0.6031930045921533,21
CC1(C)CC(=O)C2=C(C1)Nc1c(C#N)cnn1[C@H]2c1ccccc1,3.412880000000002,0.8744110471025779,24
Cc1cc(F)cc(/C([O-])=N/S(=O)(=O)c2ccccc2F)c1,1.7690199999999998,0.6406271496863462,21
COc1ncccc1[C@@H]1CC(=O)Nc2c1cnn2C,1.2977999999999998,0.8810897802687022,19
CC(=O)C1CCCc2c1c(=O)oc1cc(C)ccc21,3.1103200000000015,0.7364256233595713,19
Cc1cc2ncn(S(=O)(=O)c3ccc(S(N)(=O)=O)cc3)c2cc1C,1.53754,0.7563821478638881,24
COc1ccccc1[C@H]1C=C(C(=O)[O-])Nc2nnnn21,-0.6696000000000009,0.7895037613879301,20
C[C@H]1CCCN(S(=O)(=O)N2CCNC(c3ccccc3)C2)C1,1.6095999999999997,0.9193393369597904,22
Cc1ccc(S(=O)(=O)c2c([O-])c3ccccc3oc2=O)cc1,2.0078199999999997,0.6750294536602072,22
CSC1c2ccccc2CC[NH+]1[C@@H]1c2ccccc2C2(CC[NH2+]CC2)[C@H]1O,1.200000000000001,0.7306389356326942,27
Cc1ccc(S(=O)(=O)n2c(C)cc3c2C(=O)[C@H](C)[C@H]3C)cc1,3.277840000000002,0.8538803995733886,22
CCN1C(C(=O)[O-])=C[C@@H](c2cccc(Br)c2)n2nnnc21,0.4986999999999996,0.8020646654381671,21
O=C1c2ccccc2N=C(O)[C@@H]2CCCN12,1.8927999999999998,0.7196036565776797,16
COCc1cc(C)ccc1S(=O)(=O)[C@@H](C)C=O,1.5025199999999999,0.7490515609679365,17
CC[C@@H](C)[C@H](C(=O)[O-])S(=O)(=O)c1ccccc1OC,0.6335,0.7653204123002096,19
O=C1N[C@@H](c2ccc([N+](=O)[O-])cc2N2CCOCC2)c2c1oc1ccccc1c2=O,2.3706000000000005,0.5234778221982432,30
O=S(=O)(CCO)/N=c1\[nH]c2c(s1)CCC2,-0.21230000000000038,0.7760393916522786,15
CC(=O)N/N=C(/C)c1ccc2ccccc2c1,2.6999000000000013,0.6204919706431925,17
C[C@@H]1C[C@@H]1c1cccc(S(=O)(=O)/N=C2/CCCN2C)c1,2.6228000000000016,0.8602132693519574,20
Cc1nn2c(=O)/c(=C/c3ccccc3F)sc2nc1=O,0.5064199999999998,0.6544431548795957,20
Cc1cc(F)cc(/C([O-])=N/S(=O)(=O)c2ccccc2F)c1CCCO,1.69392,0.6206651202867348,25
c1cc2ncc3c(n2n1)C(c1ccc2c(c1)OCCO2)CCCCC3,3.7489000000000026,0.6794612689008397,25
O=[N+]([O-])c1cccc(C2COCCN2n2ccs/c2=[NH+]\c2ccccc2)c1,1.4802999999999997,0.5470859087886095,27
NC(=O)CC1CCCc2c1sc1ncn(NC=O)c(=O)c21,0.4531999999999997,0.7996999900003315,21
O=[N+]([O-])c1ccc(-c2cc([N+](=O)[O-])ccc2/C=[NH+]/[C@@H]([CH]O)CO)cc1,0.5646900000000015,0.38039367151647857,25
C/C([O-])=N/S(=O)(=O)c1ccc(C)c(C)c1C1[NH+]=c2ccccc2=[NH+]1,-3.116359999999996,0.45543156726818684,24
Brc1ccccc1/C=N/N1CCNCC1,1.6881999999999997,0.8264620153044214,15
CC(C)(C)C1NCCC[C@@H]1S(=O)(=O)c1ccc(Cl)nn1,2.0704000000000002,0.9037485378328751,20
C[CH]C1=CNN(c2ccc(F)cc2F)[C@@H]1C[C@@H]1CC[NH2+][C@@H]1C,2.1279899999999996,0.8929167068300615,22
O=C1NC(=O)[C@H]2[C@@H]1[C@H](C1CCCCC1)N1C=Cc3ccccc3[C@H]21,2.8653000000000013,0.8089658935924198,24
O=S1(=O)CC[C@@](O)([C@H]2CCCc3ccc[nH+]c32)C1,0.47020000000000023,0.8047630888733801,18
Cn1cc([C@@H]2C[CH]N(c3cccs3)c3ncnn32)cn1,2.3660900000000007,0.7250937499748733,20
C[NH+]1CCN([C@H]2Cc3ccccc3[S@](=O)c3ccc(Cl)cc32)CC1,1.9342000000000004,0.8391818042028316,24
C/C(CCC(C)C)=N/Nc1nc2ccccc2[nH]1,3.786900000000002,0.6207828527079241,18
N#C[C@@]1([C@@]2(O)CCS(=O)(=O)C2)CCc2ccccc2C1,1.23488,0.8439861024653894,20
C[C@H]1CCCCN1/N=N\c1nc2c([O-])n(C)c(=O)n(C)c-2n1,0.5652999999999992,0.7541902232182701,22
CC1(CCO)[C]2CC[C@@H]1c1nc(C#N)c(C#N)nc12,1.4222499999999998,0.8598250996335545,19
Cc1cccc2c3c(c(=O)oc12)CCC3c1cccc(Cl)c1,4.832920000000003,0.6024030060528328,22
CO[C@@H]1C2=CC=CC=C[C@H]2n2c(=O)n(C)c(=O)n21,0.10060000000000002,0.7069295087131189,18
O=C1O[C@@]2(O)c3ccccc3C(=O)N2c2ccccc21,1.62,0.7364602007454248,20
O=C1C(Br)=C(Br)C(=O)c2cc(Cl)ccc21,3.7204000000000006,0.714614924278253,15
C[C@H]1CCC2=C3C(=O)N=C(CCl)N=C3S[C@H]2C1,2.7944000000000013,0.6864591795433658,17
NC(=O)C1=C(N)Oc2nc([O-])[nH]c(=O)c2[C@@H]1c1ccccc1Cl,-0.32320000000000015,0.6855291663555534,23
CC1(C)CC(=O)C(=NNc2ccc3ncsc3c2)C(=O)C1,3.022400000000001,0.8654760325432018,21
Cc1ccc(S(=O)(=O)n2nc(C)c([SH](=O)=O)c2C)cc1,1.0156600000000002,0.8547562495246686,20
CN1c2ccccc2S[C@H]2C=CC(C(=O)[O-])=C[C@@H]21,1.2117999999999998,0.7592346084039069,18
Cc1ccc(/N=C2/S[CH]CC(=O)N2C)cc1Cl,3.393010000000002,0.7812830232410548,17
CC1=N[C@@]2(O)c3ccccc3C(=O)[C@@]2(O)C1C#N,0.3733800000000001,0.6870182897006475,18
CON(C)C(=O)C[C@@H]1CCCc2ccccc21,2.516400000000001,0.7507146068422115,17
CN(C)c1ccccc1/N=C1\N[C@H]2CS(=O)(=O)C[C@@H]2S1,1.2421,0.8903017898690792,20
O=S(=O)(N1CCCCCC1)N1CCNC(c2ccccc2Cl)C1,2.4071,0.9033558851022977,23
O=c1c2cc3c(=O)n(O)c(=O)c3cc2c(=O)n1O,-1.6130000000000007,0.46169663352748136,18
Cc1ccc2c(ccc(C)[n+]2CCCS(=O)(=O)[O-])c1-c1ccccc1,3.346440000000002,0.5207985741871429,25
Fc1ccc2c(c1)=C1N=NC([S-])=[NH+][C@H]1[NH+]=2,-3.5768999999999993,0.43742529053574913,15
Cc1ccccc1/C=N/c1ccccc1,3.7456200000000024,0.6470889143293225,15
C[C@H]1CC[C@H](C)[C@](O)([C@@H]2CCCc3ccc[nH+]c32)C1,3.107800000000001,0.8269161490858175,19
C[C@@]1(O)CC(=O)C=C(c2ccc(Cl)c(Cl)c2)C1,3.490700000000002,0.848439501603224,17
O=C1CCc2ccccc2[C@H]1/C=N\c1ccccc1,3.6880000000000024,0.7462886228182138,19
O=S(=O)(c1cccc2nonc12)n1cccn1,0.6563,0.663013486507081,17
CC(=O)Cn1c(=O)n(C)c(=O)c2ccc(C)nc21,-0.007380000000000164,0.7479023534843899,18
CC1(C)CC(=O)C=C(/N=C2\C=CC3=NC([O-])=NC3=C2)C1,1.3250000000000002,0.6724053556312266,20
Cc1cc(C)c(S(=O)(=O)n2cc3c(=O)n(C)c(=O)n(C)c3n2)cc1CN1CCOCC1,0.11974000000000062,0.5589009611271111,31
CCc1cc(Cl)ccc1[C@H]1C(C(N)=O)=C(N)Oc2nc([O-])[nH]c(=O)c21,0.23919999999999964,0.7128526706017518,25
CN1C(=O)[C@@](O)([C@H]2SC(N)=NC2=O)c2ccccc21,-0.19269999999999987,0.7412874006079393,19
C[C@@H]1CCc2c(sc3nc[nH]c(=O)c23)C1OC(F)F,2.847200000000001,0.9232392432927531,19
Cc1c(Cl)cc(S(=O)(=O)NNC=O)c(N2C[C@H](C)O[C@@H](C)C2)c1[N+](=O)[O-],1.10952,0.41061863185147096,26
CC1=C(C=O)[C@@H](c2cn(C)nc2CC(C)(C)C)n2ncnc2N1,2.088,0.8777839202285942,23
C[C@@H]([CH]/C([O-])=N/S(=O)(=O)C1CCCC1)CCc1ccccc1,2.4907900000000005,0.5720815193596608,22
CO/C([O-])=C1/C(C)=NC2=NC(S)=NC(=O)[C@H]2[C@H]1N1CCc2ccccc2C1,0.9467999999999992,0.6081520598378426,27
CC(=O)C(C#N)=C1Nc2ccccc2N1C(=O)C1=c2ccccc2=[NH+]C(=O)C1,-0.7493200000000002,0.5340676550757074,28
CN(C)C1=c2c(=O)n(C)c(=O)n(C)c2=[NH+][C@H]2C=CC=CN12,-3.863299999999996,0.5744079015903937,21
Cc1ccc2c(c1)N(c1ccccc1)[C@]1(CCNC(=O)CC1)NC2=O,2.8729200000000006,0.8423015315080916,25
CN1C(=O)c2cccc3cc([SH](=O)=O)cc(c23)C1=O,1.0359,0.6231745356503179,19
O=c1nc[nH]c2sc3c(c12)CCCCC3,2.2535,0.6920648289880411,15
C/C(=N/N=C1\NC(=O)CS1)c1ccccc1,1.6295999999999997,0.6232134112417619,16
O=[N+]([O-])c1ccc2c(c1)S(=O)(=O)c1ccccc1-2,2.4080000000000004,0.4975037320933917,18
Oc1ccc(/C=N/NC2=N[C@H]3[NH+]=c4ccccc4=C3N=[NH+]2)cc1,-2.9335999999999967,0.35284217900001774,23
COc1cc(C)ccc1/[NH+]=c1/ccc2ccc(O)cc2o1,1.7684199999999999,0.7529089926915592,21
CC(=O)CCC1=C(C)[CH][C@@H](OCO)CC1(C)C,2.641290000000001,0.7501644353401122,17
CC(C)C1CN(S(=O)(=O)N2C[C@H](C)O[C@@H](C)C2)CC[NH+]1,-0.9701999999999968,0.7295407307112919,20
O=C1c2ccccc2S(=O)(=O)N1[C@H]1CCCc2ccccc21,2.9087000000000014,0.8132003641349947,22
O[C@H]1CCC[C@H]([C@@H]2CCO[C@]3(CCSC3)C2)C1,2.839800000000001,0.7820706850012602,17
CC[S@](=O)[C@H]1CCCC[C@@H]1/[NH+]=C/c1cc([N+](=O)[O-])ccc1[O-],0.24770000000000075,0.4767148176362664,22
C[C@@H]1CCc2c(sc3nc[nH]c(=O)c23)C1[C@@H](C)C(=O)[O-],1.0364999999999998,0.8953143096238153,20
O=C1Nc2cc(Br)ccc2C12CCNCC2,2.0223999999999998,0.7635988475634158,16
C[C@@H]1[CH]C(=O)Oc2cc3c(cc21)CCC(C)(C)O3,3.0169900000000016,0.5203718345417532,18
CNC(=S)n1nc(C)c2c1C[C@@H]1[C@H]2C1(C)C,1.8396199999999998,0.695922181821275,16
[NH3+]C1CCC(O)([C@@H]2CCCc3ccc[nH+]c32)CC1,0.8361999999999992,0.7597457386888802,18
Cc1cc2sc(NNC(N)=S)nc2cc1Cl,2.41822,0.578888349515223,16
O=C1Nc2ccccc2[C@]12[C@H](c1ccc3c(c1)OCO3)[CH][C@H]1CCC[NH+]12,1.6116899999999994,0.8233517035942194,26
CC/[NH+]=C(/N)N1C[C@@H]2C[NH+]3CCCC[C@@H]3[C@@H]2C1,-2.5993999999999957,0.34655941216888786,17
CC1CCN(S(=O)(=O)N2CCC[CH]C2C(=O)[O-])CC1,-0.6183099999999984,0.693070192986133,19
Cc1ccc2c(c1)=C1S[CH]C=C1C(=O)[NH+]=2,-0.8213899999999992,0.6127947542504383,15
Cc1ccc2c(=O)n(C)c(=O)n(C)c2n1,-0.05938000000000021,0.6051183416460681,15
Cc1ccc2c(ccc(C)[n+]2CCCS(=O)(=O)[O-])c1,1.6794399999999998,0.6316757902227603,19
CC(=O)C1=C(C)Nc2ncnn2[C@H]1c1ccccc1,2.1559999999999997,0.8917399386012693,19
O=CC[C@H]1CSc2nc3c(c(=O)n21)CCC3c1cccc2ccccc12,3.7104000000000026,0.5264312023240777,26
Cc1ccc2c(c1)c(C)cc1n[nH]c(=S)n12,3.161930000000001,0.6005753499554802,16
CN1C(=O)[C@](C)(CC=O)c2ccccc21,1.5097,0.6831080640083148,15
O=C1[C@@H]2[C@H](C(=O)N1/N=C/c1ccc3c(c1)OCO3)[C@H]1C=C[C@@H]2C12CC2,1.9464,0.4702101319368442,25
CC(=O)c1ccccc1S(=O)(=O)/N=C1/CCCN1,1.3598000000000001,0.8380837377129,18
O=C1N=NC=C(N/N=C\c2cccs2)[C@@H]1Cl,2.1128,0.5100248969828021,16
CN1CCN(C(=[NH2+])[C@@H]2CSCCS2)CC1,-0.7599999999999987,0.4868859843468329,15
Cc1scc(C2c3sc4[nH]c(=S)n(NC=O)c(=O)c4c3CC[C@@H]2C)c1C,4.213030000000003,0.5065687355323714,26
CC1(C)CCC[C@]([NH3+])([C@@H]2CCOC3(CCCCC3)C2)C1,3.6968000000000023,0.7810414784623811,20
Fc1ccccc1[SH]1CC(c2ccccc2)=Nn2cnnc21,3.102400000000002,0.7389669600696912,22
C1=C[C@H]2C=C(c3ccccc3)[C@H]3C=C[C@H]1[C@@H]23,3.6880000000000024,0.6146806275929653,16
CC[C@H](C)CS(=O)(=O)c1cccc(Br)c1,3.268900000000002,0.8528913532580918,15
Cc1c2c(=O)c3ccccc3n(C)c2nn1C,1.7336199999999995,0.5865016268637105,17
CC(=O)c1ccccc1C1=c2cc(Br)ccc2=[NH+]C(=O)[CH]1,0.2953900000000005,0.7982723345146977,21
O=C1[NH+]=c2ccc(/N=C\c3ccccc3)cc2=[NH+]1,-2.0287999999999986,0.5815960705383072,18
CC(=O)NNS(=O)(=O)c1cc(Cl)c(C)c([N+](=O)[O-])c1C1CCCCC1,2.933720000000002,0.5923678812155471,25
C/[NH+]=C(/N)N1C[C@H]2C[NH+]3CCCC[C@@H]3[C@@H]2C1c1ccc(Cl)cc1,-0.5947999999999976,0.47459722022739786,23
[NH3+][C@@H](CC1=C[C@H](S)c2ccccc2C1)C(=O)[O-],-0.10950000000000037,0.5796080451446021,17
COc1ccc[nH]/c1=N\S(=O)(=O)c1cc(C)c(F)cc1F,1.8995199999999999,0.9403086532837209,21
NNC(=O)C1=NN=C(c2ccc(Br)s2)C1,1.0493000000000006,0.4841420141265008,15
CC1(C)C[C@@H]2[C@@H](C1)[C@@](C)(O)CC1=C([C@H](O)OC1=O)[C@@H]2O,0.7262,0.5700732052491423,20
C[C@@H]1[C@@H](N)c2cc(F)cc(F)c2S(=O)(=O)[C@H]1C,1.7765000000000002,0.7240542401264193,17
O=C1c2cccc3c([SH](=O)=O)ccc(c23)N1c1cccc(F)c1,3.241100000000001,0.7352897520306759,23
CC(=O)N/N=C/c1cc(Br)c(O)c(Br)c1Oc1ccccc1,4.179500000000002,0.5674630841507375,22
CC1(C)O[C]2[C@@H](C[C@H]3[C@@H]4CCC5=CC(=O)C=C[C@]5(C)[C@@]4(F)[C@H](O)C[C@]23Cc2ccc(Cl)cc2)O1,5.526790000000007,0.5983284148465171,34
Brc1cccc(C2=CSC3=NCCN23)c1,3.1659000000000015,0.7854200299389511,15
CC(C)C1[C@H]([C@@]2(O)[CH]CC[C@@H](C)C2)CCC[C@@H]1S(C)(=O)=O,3.2272900000000018,0.8697096903263357,21
CCCCC[C@@H](O)[C@]1(C[NH3+])CCOc2ccccc21,1.8899999999999995,0.7709137645949823,19
C[C@@H]1CN(S(=O)(=O)N2CC[NH+]C(CCO)C2)C[C@H](C)O1,-2.2437999999999954,0.6147068690249908,20
O=C1NC(=[SH][C@@H]2CCCO2)N2C[C@@H]3[NH+]=c4ccccc4=C3C[C@@H]12,-2.1867999999999963,0.40518483572112673,23
O=C1N[C@]2(CCNC2c2ccccc2)CCc2ccccc21,2.836000000000001,0.8483655040134666,22
CC1=NN(CC(C)C)c2nc3c(c(=O)n(C)c(=O)n3C)n2C1,0.28559999999999985,0.7985446871207392,22
COC1[C@@H]2CC[C@H](CN1S(=O)(=O)N(C)C)NC2,-0.5508999999999986,0.7419524931641726,17
O=S(=O)(/N=C(\[O-])c1ccc(Br)o1)C1CCCC1,1.4214,0.6225809432664817,17
C[C@@H]1CCC(c2ccccc2)c2sc3ncn4ncnc4c3c21,4.368200000000003,0.5229203989103538,23
Cc1c(C=O)c(Cl)n2c(nc3ccccc32)c1C#N,3.1335000000000015,0.503634941573295,19
O=c1c2c([nH]c3ccccc13)CC[NH+]C2c1ccc2c(c1)OCO2,1.2514999999999998,0.7090876425425174,24
[NH3+]C1([C@H]2CCO[C@@]3(CCSC3)C2)CCCC1,1.8433999999999993,0.7616171091764626,16
[O-]c1nc2csc(=S)n2c2cc3c(cc12)OCO3,2.0807899999999995,0.5887668011696771,18
COC1=C(Nn2cnnc2)C(=O)c2ccccc2C1=O,0.7587999999999999,0.8856891104528981,20
O=S1(=O)C[CH][C@@H](/N=C/c2ccncc2)C1,0.5017899999999998,0.685967060202963,15
COc1ncccc1S(=O)(=O)/N=C(\[O-])C[C@@H]1CCCc2ccccc21,2.0479,0.6017111245362934,25
O=C([O-])Cc1csc2ncn(N3CCCCCC3)c(=O)c12,0.26239999999999997,0.8127485732108449,21
S=C1[NH+]=N[CH]N1/N=C/c1cccc(Cl)c1Cl,1.5798899999999996,0.6563131043161953,16
CC1CCN(/C=C(\C#N)S(=O)(=O)c2ccc(Cl)cc2)CC1,3.210580000000002,0.8009202265186401,21
O=C1Nc2ccc([N+](=O)[O-])cc2C12OCCO2,0.7464999999999999,0.5734021272070553,17
CC(C)C(=O)CC[C@@H]1CCc2cccnc21,3.1167000000000016,0.7752632309234421,16
Cc1cc(Cl)ccc1Cn1/c(=N/C=O)sc2cc([N+](=O)[O-])ccc21,3.6782200000000023,0.40375402767368773,24
COc1cccc([C@@H]2C(C#N)=C(N)Oc3[nH]nc(C)c32)c1,1.9448999999999996,0.8769821377833772,21
Cc1ccc2[nH+]c3nc(C)cc(C)c3c(N)c2c1,2.7095599999999997,0.6121214732088917,18
C[C@@H]1C[C@H](C)CN(/C=C(\Br)C(=O)C(F)(F)F)C1,3.3320000000000025,0.7288082882190565,17
COc1cccc([C@@H]2NC(=O)c3oc4ccc(F)cc4c(=O)c32)c1,2.773500000000001,0.7865104412317573,24
C[C@H]1CCC[C@@]1(O)C1(C#N)CCCCC1,3.0115800000000013,0.7179531871317358,15
C/C([O-])=N/S(=O)(=O)c1cc([N+](=O)[O-])ccc1Cl,0.7156000000000005,0.34942025681446837,17
Cc1nn(C)c(=O)c2cc([SH](=O)=O)cn12,-0.6882800000000004,0.6544929682108338,15
N=C1NC(=O)NC12CCC1(CC2)OCCO1,0.3323699999999996,0.5552916996267192,16
O=C(CC1=c2ccccc2=[NH+]C1)N/N=C/C1=C[C@H]2SC=C[C@@H]2S1,-0.32839999999999825,0.5820833714117484,23
Cc1nnc(C)n1/N=C/c1cccc(Cl)c1,2.4305400000000006,0.7494075605990791,16
COC1CCc2cc(/N=C/c3ccc(Br)cc3)sc21,4.894900000000003,0.73111789469063,19
N#CCC(=O)/N=C1/N[C@H]2CS(=O)(=O)C[C@@H]2S1,-0.71532,0.6671542605015648,16
CC(C)(O)CC[C@]1(C(=O)[O-])CCOc2ccccc21,1.0078999999999998,0.8797830748934976,19
Cc1ccc(C)c2nc3c(cc12)CNC(=O)O3,2.453640000000001,0.7531011868126223,17
CC1(C)[C]2CC[C@@H]1c1nc(C#N)c(C#N)nc12,2.0597499999999997,0.6743421204704642,17
CN1c2ccc(Cl)cc2C(=O)NC12CC[NH2+]CC2,0.5730999999999998,0.7215215089800315,18
Cc1c(Cl)ccc2c(=O)c3c([nH]c12)CC[NH2+]C3,1.1094199999999999,0.722130927440416,17
CCC1CCCc2sc3ncn4ncnc4c3c21,3.1689000000000016,0.6730376715889825,18
Cc1oc(C)c(/C([O-])=N/S(C)(=O)=O)c1CC(F)(F)F,1.0677400000000001,0.6170211559996324,19
O=[N+]([O-])/C=C(\[O-])c1cccc(/C([O-])=C/[N+](=O)[O-])c1,-0.4425999999999999,0.4036630421041202,18
O=C1N[C@H](c2cccc(Cl)c2)c2c1oc1ccc(F)cc1c2=O,3.418300000000002,0.7439013834933041,23
Cc1coc2c(C)c3oc(=O)cc(C)c3cc12,3.4644600000000025,0.5532100636122295,17
Cc1ccc(C2CCCCCc3nc4ccccc4c(=O)n32)cc1C,4.7192400000000045,0.6461356436070061,25
Cn1c(=O)c2c(nc(N/N=C/c3ccccc3)n2C)n(C)c1=O,0.4166999999999996,0.5607014967236593,23
COC1NCOc2ccc3c(C)cc(=O)oc3c21,1.6859199999999999,0.7768491386254769,18
CC[C@@H](C)C(=O)n1cnc2ccccc21,2.722600000000001,0.7500699852136853,15
Cc1ccsc1[C@H]1[C@H]2C(=O)CCCC2=Nc2ncnn21,2.6927200000000013,0.8094672340922987,20
CCCCCC[C@H](O)[C@@]1(C[NH3+])CCOc2ccccc21,2.280099999999999,0.7518123316297306,20
CC1=NN(c2ccccc2)[C@H](C)[C@@H]1/C=N/NC1[NH+]=c2ccccc2=[NH+]1,-2.1395999999999953,0.441314205317274,25
C[C@H]1CCC[C@@H](N[NH+]2CCN(C)CC2)C1,-0.09999999999999809,0.6663617891378765,15
Cc1ccn2/c(=N/C(=O)C[C@H](C)C(C)C)[nH]nc2c1,2.0803199999999995,0.9179995068693105,19
O=C1c2ccccc2[C@]2(O)Nc3nc4nonc4nc3N[C@@]12O,-0.41960000000000025,0.4312635333050394,23
COc1cccc2c([O-])c(S(=O)(=O)c3ccc(C)cc3)c(=O)oc12,2.0164199999999997,0.673809592030564,24
[NH3+]CCC[P@@](=O)([O-])C12CC3CC(CC(C3)C1)C2,1.2255999999999994,0.7694868536219273,17
C=C(C(=O)[O-])[C@@H]1CC[C@]2(C)C[C@@H](O)CC(=C)[C@H]2C1,1.426,0.5945880716331471,18
C=CCC/C([O-])=N/S(=O)(=O)c1cccs1,1.1618000000000002,0.4431600764107268,15
N#C[C@H]1[CH]C2=C([O-])N=C(N3CCC4(CC3)OCCO4)NC2=NC1=O,-1.3608299999999973,0.5820412603490616,24
[NH3+][C@@]1([C@@H]2CCOC3(CCCCC3)C2)CCCOC1c1ccccc1,3.6483000000000017,0.8995176884578517,24
Cc1nc2ccc(/C([O-])=N/S(=O)(=O)N3CCCCC3)cc2nc1C,1.0842399999999996,0.6111051052062099,24
Cc1cc2c(c(=O)o1)C=C1CC[CH]C[C@@H]1O2,2.480810000000001,0.6698100113142452,16
O=C1C=C(c2ccccn2)Nc2ccccc2N1,2.4867,0.8007606390159656,18
COc1c(N/[NH+]=C(/NNc2ccccc2)C(C)=O)cccc1[N+](=O)[O-],0.6151000000000003,0.25143150934161734,25
Cc1ccc(N[P@@](C)(=O)c2nc3c(s2)CCCC3)cc1,3.975620000000003,0.872303822796548,20
C[C@@H]1CCC[C@@H](/C([O-])=N/S(=O)(=O)c2cc(Cl)sc2Cl)C1,3.328700000000002,0.6168477820035844,20
[NH2+]=C(C1CC1)N1CC[NH+]2CCCC[C@H]2C1,-1.6929999999999967,0.3919327099502807,15
CC[C@@H](C)/C([O-])=N/S(=O)(=O)C1CCCCC1c1cccc(F)c1,2.986600000000002,0.6110219847284248,23
O=c1c2ccccc2nc2n1C(c1ccccc1)CCCCC2,4.102400000000003,0.6780972677114284,23
Cc1ccc(/[NH+]=c2/ccc3ccc(O)cc3o2)c(-c2cc(C)on2)c1,2.7232400000000005,0.5914807441875956,25
C[C@H]1CN(S(=O)(=O)N2CC[NH+]C(c3ccccc3)C2)C[C@H](C)O1,-0.25349999999999784,0.8256445859676976,23
Cc1[nH]c2ccccc2c1C1=CCNC(c2ccccn2)C1,3.989320000000003,0.7486516729172084,22
NC(=S)N/N=C/[C@@H]1C=NN=C1c1ccccc1,0.9103,0.4719700929960262,17
COC1[C@@H]2CC[C@H]1c1nc3ccccc3nc12,2.6194000000000006,0.7493757974939443,17
Cn1ncnc1/N=C(\[O-])N1CCc2sc(Br)cc2C1,1.0452,0.5742332256227924,19
CC(C)c1cccc(/C=N/NC(=O)C(C)(C)O)c1,2.0309999999999997,0.6323596934462185,18
Cc1ccc2c(c1)=C1N=[NH+]C(N/N=C/c3cccc(Br)c3)=N[C@@H]1[NH+]=2,-1.5682799999999975,0.42562433473934064,24
Cc1cccc(O[C@@H]2Cc3ccccc3C23CCNCC3)c1C,3.928340000000003,0.9075021628462809,23
O=S(=O)(N1CCOCC1)N1CCCC(c2ccccc2)C1,1.4429999999999998,0.8487519865117683,21
CC1(C)CC(=O)C(=C2NCCN2)C(=O)C1,0.3489999999999998,0.445272799036806,15
Clc1ccc([C@@H]2C[CH]Nc3nnnn32)cc1,1.8932899999999997,0.8188779749855449,16
Cc1noc(C)c1-c1cc(/N=C/c2cccnc2)ccc1[SH](=O)=O,3.074340000000001,0.5820939152386423,24
CC(=O)c1ccccc1S(=O)(=O)/N=C1/CCCCCN1,2.1399999999999997,0.8665837616340659,20
O=S(=O)(NNc1cccc(C(F)(F)F)n1)c1ccc2c(c1)OCCO2,2.1770000000000005,0.796577921078484,25
Clc1ccccc1C1=NCc2nncn2-c2ccccc21,3.271700000000002,0.691129049070368,21
COCC1(C)NC(=O)C2(CCCCC2)NC1=O,0.34039999999999937,0.7311413889215693,17
O=S(=O)(/N=C(\c1ccccc1)N1CCc2ccccc2C1)c1ccc(F)cc1,4.019500000000003,0.4980202813154529,28
O=S(=O)(N1CCOCC1)N1CCNC(c2ccc(F)cc2)C1,0.3490000000000004,0.869186697959876,22
CC1=NC(=O)C2=C3CC[C@@H](C)C[C@H]3SC2=N1,2.575500000000001,0.6461346397634897,16
Cc1c(Cl)cc(S(=O)(=O)NNC=O)c(CO)c1[N+](=O)[O-],-0.011780000000000013,0.3820194030448193,20
C[C@@H]1CN(S(=O)(=O)N2CCNC(c3cc([N+](=O)[O-])ccc3[O-])C2)C[C@H](C)O1,-0.03129999999999833,0.5559639495988855,27
CC1=NN2[C@@H]([C@H]3C=c4ccccc4=[NH+]3)NN[C@H]2[SH]1c1ccc(F)cc1,-0.8845999999999983,0.5287066820238175,25
CS(=O)(=O)[C@H]1CCC[C@]1(O)[C@]1(C[NH3+])CCc2ccccc21,0.44070000000000076,0.849772525616836,21
Cc1cc/c(=N/S(=O)(=O)C[C@H](C)CCl)[nH]c1,1.42852,0.8346929301788029,16
CN1C(=O)[C@@](O)([C@H]2CCc3ccccc3C2=O)c2ccccc21,2.2958999999999996,0.8792441822512614,23
Cc1ccc(/N=C\c2ccc[nH]2)c(O)c1,2.7793200000000002,0.7193187489937117,15
O=S(=O)(c1ccccc1)n1cnc2ccccc21,2.2733,0.7082135050173953,18
CCCCN1C(=O)[C@@H](C)Oc2ccc(N)cc21,2.1828000000000003,0.8154662839759066,17
C[C@H]1CCCC[C@@]1(O)[C@]1(C#N)CCOC1,1.85788,0.716787115150086,15
NN1[CH]NN[C@H]1[C@H]1C=C(c2ccccc2)N=N1,0.5907899999999998,0.6485492948954829,17
CC1(C)C(=O)N=C([C@H]2CCC[NH2+]C2)N=C1[O-],-1.3164999999999976,0.598135517252587,16
Cc1cc2c(cc1[SH](=O)=O)n(C)c(=O)c(=O)n2C,-0.48408000000000007,0.5593107391017931,18
Cn1c(=O)c2cc(C#Cc3ccccc3)nnc2n(C)c1=O,0.4269999999999998,0.5633339746900792,22
C=CC[C@@H]1C(C=O)=C(C)NC2=NC(=O)NC(=O)[C@H]21,0.5192999999999997,0.5618603988246009,18
CC(C)C(=O)/C(C#N)=c1/s/c(=C\c2cccc([N+](=O)[O-])c2)c(=O)n1C,1.08318,0.6012247091207422,25
O[C@H]1CCCc2[nH]c3cc(F)c(F)c(F)c3c21,2.954900000000001,0.6833216692323903,17
CC1CCN(C2=[NH+][C@H]3[C@H](N2)C([O-])=NC(=O)N3Cc2ccc3c(c2)OCO3)CC1,-1.4238999999999946,0.6475399749692443,28
Cc1ccsc1/C=N/N=c1\[n-]cnc2[nH]cnc12,1.2198199999999997,0.5533624267560503,18
CON1c2ccc(Cl)cc2-n2cccc2C12CC[NH2+]CC2,2.0645999999999995,0.8749338672784727,21
Cn1c(=O)n2n(c1=O)[C@@H]1C=C[C@H]2[C@@]23C=C[C@@]12CC=CC3,0.9066999999999993,0.6572092654662743,20
Nc1nnc(/N=C/c2cccc([N+](=O)[O-])c2)s1,1.7791,0.5064181290570428,17
CCC1CCCC(O)([C@@]2(C[NH3+])CCOc3ccccc32)C1,2.2801,0.8970466371975718,21
CNS(=O)(=O)N1CCc2ccccc2C1,0.5088999999999999,0.7984618129545269,15
CCC(CC)S(=O)(=O)/N=C(\[O-])c1ccccc1,1.3118999999999996,0.587356051377387,17
N#CCCC[NH+]=C(c1ccccc1)c1ccccc1-c1ccccc1,3.5753800000000027,0.5458465589744833,25
COOn1c(=O)c2cc3c(=O)n(O)c(=O)c3cc2c1=O,-1.8603,0.33162412941336655,20
CC(=O)NNC(=O)CCS(=O)(=O)c1ccccc1,0.01770000000000027,0.754225642128454,18
O=C1CCc2ccccc2N1CCCCc1ccccc1,3.9887000000000032,0.7578428829310774,21
C[C@@H]1CCc2sc3c(c2C1)-c1ncnn1[C@H]1N=NC(=S)N31,3.1582000000000017,0.7005635652375636,21
Cc1cccc(S(=O)(=O)[C@H]2c3nc4ccccc4nc3N(/N=C/C3=c4ccccc4=[NH+]C3)[C@@H]2N)c1,0.10852000000000228,0.39830379406225425,35
O=S(=O)(N1CCOCC1)N1CCNC(c2ccco2)C1,-0.19709999999999872,0.8369028550606392,20
O=c1c2ccccc2oc2cc3c(c(O)c12)CCCC3,3.5306000000000015,0.6331571375745617,20
[O-][n+]1c2c([n+]([O-])c3ccccc31)[C@H](O)CC[C@H]2O,-0.03280000000000027,0.5052243232862765,18
CC(=O)[SH]1[CH]CC(c2c([O-])cc(C)oc2=O)=NCC1,0.9241099999999998,0.7760495964558602,19
CCC(=O)n1ncc(S(=O)(=O)c2ccccc2N2CCOC2=O)c1N,1.3049000000000004,0.866704370391591,25
C[C@H]1CC(=O)Nc2ccc([N+](=O)[O-])cc2N1C,1.7616999999999998,0.5940999691286918,17
Cc1cccc([C@H]2CCc3nc(N)sc32)c1,3.1118200000000007,0.8171868471772761,16
N#C[C@@H](CCl)C[C@H]1COc2ccccc21,2.931280000000001,0.7356774840574168,15
CC(=O)/C(C)=N/Nc1ccccc1[N+](=O)[O-],1.9715999999999998,0.4781889555195785,16
N#CC1=C(N)O[C@H]2[C@@H]([CH]1)C(C(F)(F)F)=NN2c1ccccc1N1CCOCC1,2.1321700000000003,0.829887050401741,28
O=CC1=C([O-])C(=O)O[C@H]1[C@H]1CC(=O)C(=O)O1,-2.3903,0.2926304134905542,16
CC1(C)[C@H]2CC[C@]1(C)C(=O)/C2=N\NC(N)=S,1.2007999999999996,0.5327887212985811,16
O=CC[C@@]1(O)C(=O)Nc2ccc(Cl)cc21,1.0686999999999998,0.7402593214348615,15
C[NH+]1[C@H]2CC[C@@H]1CN(S(=O)(=O)N1CC[NH2+]CC1)CC2,-3.1383999999999954,0.5646397526987803,19
Nc1ccc2c(c1)CC[C@H]2[NH+]1CCNC(=O)CC1,-0.33909999999999996,0.5938380590874237,18
COc1ccccc1S(=O)(=O)[C@@H]1OC(=O)c2ccccc21,2.3381000000000007,0.8140332547478115,21
C[C@H]1CCC(=O)[C@@H]([C@@H]2CCCCC[C@@H]2O)C1,2.932900000000002,0.6952858166687391,16
N#CCC(=O)/N=C1/N[C@@H]2CS(=O)(=O)C[C@@H]2S1,-0.71532,0.6671542605015648,16
COC[C@]12C[C@H](O)[C@@]3(Cl)[C@@H](CCC4=CC(=O)C=C[C@@]43C)[C@@H]1CC=C2C(C)=O,3.378300000000002,0.7501636574013127,27
CCS(=O)(=O)[C@@H]1CC(OC)c2ccccc2[C@@H]1[NH2+]C,0.8153999999999999,0.8901004876810625,19
O=S(=O)(N1CCOCC1)N1CCC[CH]C1c1c(F)c(F)cc(F)c1F,2.1611900000000004,0.5956839210782477,25
Cc1ccc(/[NH+]=c2/ccc3ccc(O)cc3o2)c(C(=O)C(C)(C)C)c1,2.988620000000002,0.7072506736464477,25
C[C@H](/[NH+]=C/c1ccccc1)[C@@H](C)/[NH+]=C/c1ccccc1,0.1628000000000016,0.7220280246609572,20
c1ccc2c(c1)OCC[NH2+]CCOc1ccccc1OCCOCCO2,1.4955999999999992,0.771391663557913,26
CCC(=O)N1C(=O)[C@]2(NC(=O)CS2)c2ccccc21,0.9855999999999994,0.8302518080909568,19
CCC(CC)/C([O-])=N/S(=O)(=O)c1cc(C)c(C)c([N+](=O)[O-])c1,2.09534,0.34345132252964217,22
CCC(=O)NNc1ccccc1[N+](=O)[O-],1.4478999999999997,0.5801821364042958,15
N[C@@H]1CC2(CCCC2)Oc2ccccc21,2.7817000000000016,0.7033364743874154,15
Nc1nc2c(s1)[C@@H](c1c(F)cc(F)cc1Br)CCC2,4.234200000000001,0.8399307117507908,19
Cc1ccc(C)c(S(=O)(=O)[C@H](C)C(=O)[O-])c1-c1ccccc1,1.88254,0.8627439895360908,22
C[C@H]1Oc2ccc([SH](=O)=O)cc2NC1=O,0.37630000000000013,0.6800675873622221,15
CN1c2ccccc2NC(=O)[C@H]2COC[C@@H]21,1.0898999999999999,0.7084107814895649,16
NC(=S)N1C[C@@H]2Cc3cccc(=O)n3[C@@H](C2)C1c1ccccc1,2.252300000000001,0.8172601685561682,23
C[C@@H]1CC(=O)Nc2cc([SH](=O)=O)ccc2[SH]1c1cccc(Br)c1,3.569300000000002,0.6588570773801639,23
Cc1ccc(S(=O)(=O)N2[CH]CCC2=O)cc1,1.46791,0.7835872416868002,16
O=C1NC(=S)N=C([O-])/C1=C\NN1CCOCC1,-2.119399999999998,0.4331059446732026,17
OC1([C@@H]2CCO[C@]3(CCOC3)C2)CC[NH2+]CC1,-0.3395999999999979,0.6613020132946028,17
CC(C)C1NCCC[C@]12CNC(=O)c1ccccc1O2,1.9555999999999998,0.8227911907410673,20
C[C@@H]1SC(N)=[NH+]N=C1c1ccc(F)cc1,0.06040000000000051,0.7085152787878591,15
COc1c(/C=N/NC(=O)C2=C(C)NC(=O)N[CH]2)cccc1[N+](=O)[O-],0.8020899999999995,0.41627177471140625,24
Cn1c(=O)c2[nH]c(/N=N/Nc3ccccc3)nc2n(C)c1=O,1.0710999999999997,0.5565063636495854,22
O=C1N[C@H](C2=Cc3ccccc3OC2c2ccc(Cl)cc2)Nc2ccccc21,5.038700000000003,0.646310696662612,28
C/C(=N\NC(=S)[C@H]1COc2ccccc2O1)[C@H]1COc2ccccc2O1,2.9593000000000016,0.5092358709703151,26
Cc1ncc2c3c(sc2n1)C(CC(=O)[O-])[C@@H](C)CC3,1.8056199999999993,0.8380027164674207,19
O=C1C=C(n2ccc3c(Cl)c(=O)oc-3c2)CCC1,2.793400000000001,0.7949083844236453,18
O=C1NC(=O)[C@@]2(CCc3ccccc32)N1,0.6675000000000002,0.6072788105990716,15
CC1=CC=NC2=N/C(=C(O)\N=N\C=O)N(c3ccc4ccccc4c3)N12,3.5142000000000024,0.5226577252877659,26
COc1ccccc1S(=O)(=O)/N=C(\[O-])c1cc(C)cc(F)c1,1.63852,0.6330241527357313,22
CCS(=O)(=O)C1CCc2c1nc1n(c2=O)[C@@H](CC=O)CS1,0.9011,0.6028409631893633,21
Cn1cc(/C([O-])=N/S(=O)(=O)c2cc(F)ccc2F)ccc1=O,0.1592999999999999,0.5929199244395379,22
Cc1cccc([SH]2[CH]C=C3C(=O)[NH+]=c4ccc(C)cc4=C32)c1,0.8141300000000007,0.7509119658848113,22
CC1=C(C=O)[C@@H](c2cn(C)nc2Cc2ccccc2)n2ncnc2N1,2.0902000000000003,0.7393597298671067,25
C=CCc1cccc(C2=NC(=O)[C@@H]3CCCCC3=N2)c1,3.3331000000000017,0.7735946516676184,20
Cn1ccc2c(/C([O-])=N/S(=O)(=O)c3ccc(F)cc3)cccc21,1.8132000000000001,0.542546134164818,23
CC[C@H](C)[S@@](=O)[C@@H]1Cc2ccccc2[C@@H]1[NH3+],1.4415,0.8506769693923708,16
CC(=O)C1=C(CC(C)(C)C)C(C(=O)NNC=O)=N[C@H]1C,0.9284999999999994,0.5793941429839281,20
O=c1nc(N/N=C/c2ccccc2F)cn[nH]1,0.75,0.6049455844387418,17
O[C@H]1[C@H]([NH+]2CCc3ccccc3C2)c2ccccc2C12CC[NH2+]CC2,0.33840000000000153,0.6906218462498719,25
CSC(=N/[NH+]=C(\N)c1ccncc1)SC,-0.1354999999999995,0.42977902464629414,15
[NH3+][C@H](CC1=c2cccc(O)c2=[NH+]C1)C(=O)[O-],-4.992799999999997,0.4760436449413196,16
Cc1ccc2c(c1)[C@@]1(C(=O)N2)[C@@H]2C(=O)NC(=O)[C@@H]2[C@H]2CCCN21,0.5092199999999991,0.6843961344763025,23
CCCCS(=O)(=O)[C@@H]1[CH]C(C)(COC)CCC1,2.6107900000000006,0.7379249766098199,17
O=S1(=O)N=C(N2C[CH]CCC2)c2ccccc21,1.4355900000000001,0.6987035693101726,17
CN1C(=O)C2=N/C(=N\CCO)N[C@H]2N(C)C1=O,-1.771199999999998,0.5954742728080169,17
CC1=C(C=O)[C@H](c2cnn(C)c2C)n2ncnc2N1,0.8078199999999993,0.8063862320467561,19
CC(=O)N1[CH]NC(=O)c2c1sc1c2CC[NH+](C)C1,-0.46550999999999987,0.6664857805338565,18
Cc1cc(C)n2c(=O)c3ccccc3nc2c1C#N,2.33622,0.5744361896575289,19
O=C1CC=CC=C(c2cc3ccccc3s2)C1=O,3.3828000000000014,0.7309821340032159,18
Cn1ccc2c(/C([O-])=N/S(=O)(=O)c3ccc(C#N)cc3)cccc21,1.5457800000000002,0.5341658286916361,24
C=CCC1c2ccccc2CC[C@@]1(C#N)[C@@]1(O)CCS(=O)(=O)C1,2.35208,0.8625051920980015,23
O=[N+]([O-])c1ccccc1S(=O)(=O)/N=C(\[O-])[C@@H]1CCC[CH]C1C(F)(F)F,2.2251900000000004,0.3450239516536382,25
CN1C(=O)N(C)[C@@H]2OC(C3O[C@@H]4[C@@H](O3)N(C)C(=O)N4C)O[C@H]21,-0.9689999999999979,0.6191793686669463,22
O=S(=O)(/N=C(\[O-])c1cc(F)cc(Br)c1)c1ccccc1,2.084,0.6239648660758269,20
c1ccc2c(c1)[C@@H]([NH+]1CCCCC1)[C@H](Oc1cc[nH]n1)C21CCNCC1,1.601999999999999,0.7856971470682497,26
O=C1COCC(=O)OCCOCCSCCOCCO1,-0.13059999999999938,0.5725687826477572,20
Cc1cc(/N=C/c2cc(Br)ccc2O)sc1C,4.583640000000002,0.8089046719835548,17
O=S(=O)(/N=C1/CCCN1)c1ccccc1,1.1572,0.8196380196752578,15
[NH3+][C@@H]1C(=O)N2C(C(=O)[O-])=C(C[n+]3ccn4ncccc43)CS[C@H]12,-2.8485999999999967,0.48065036563757124,23
C[C@@H]1CC[NH+](c2ccccc2[C@@H]2NCCc3sccc32)C[C@@H]1O,1.9002999999999999,0.787075961271364,23
Cc1n[nH]c(C)c1S(=O)(=O)/N=c1\[nH]c2c(s1)CCCC2,1.5845400000000003,0.881803221514597,20
CC(=O)C1C[C@H](C)Cc2sc3nc(C)n4cnnc4c3c21,2.9023200000000013,0.693066147734221,21
Cc1ccc(C)[n+](/N=C\c2cccc(N(C)C)c2)c1,2.5391400000000006,0.608376250031395,19
[NH3+][C@H](CC(F)(F)C(F)(F)C(F)(F)C(F)(F)Cl)C(=O)[O-],0.4743999999999999,0.5703413027831269,19
CC(=O)N/N=C/C1=c2ccccc2=[NH+]C1c1cc([N+](=O)[O-])ccc1C,-0.3690799999999994,0.45236359230707285,25
Clc1ccc([C@@H]2C[CH]N(c3ccccc3Cl)c3nnnn32)cc1,4.272890000000002,0.6957972112395058,23
CCC[C@@H](C)/C([O-])=N/S(=O)(=O)c1ccc(C)cc1F,2.01782,0.6139155378493024,19
O=[SH](=O)C1=CC2=C3CCCCC3=N[C@H]2C=C1c1ccc(Br)s1,4.096700000000003,0.7656691215134547,22
CN1C(=O)/C(=N\O)[C@H](O)c2ccccc21,0.5266,0.4799656591382442,15
NC1=[NH+]N=C(c2ccc3c(c2)CCC(=O)N3)C[SH]1c1c[nH]c2ccccc12,1.2258999999999998,0.4336563576868551,27
Cc1ccc(S(=O)(=O)N/N=C\c2cccc(N3CCOCC3)c2)cc1,2.1440200000000003,0.6558627866526512,25
CC(=O)N/N=C/c1ccc2c(c1)OCO2,0.8853,0.57696955523593,15
N#C[C@@]1([C@]2(O)CCCOC2)COc2ccccc2C1,1.6729800000000001,0.8330304841436581,19
COC1NCCc2nc3nc(N)ccc3cc21,1.0026999999999995,0.7643194858009159,17
O[C@@H]1Cc2ccccc2C12CCNCC2,1.2247999999999999,0.6643477527279951,15
N#C[C@]1([C@@]2(O)CC[NH2+]C2)CCCc2ccccc21,0.4824799999999998,0.7535402592514353,18
CN1[CH]C=C2C(=O)[NH+]=c3ccccc3=C21,-1.9312099999999977,0.5265770672033595,15
C[C@@H]1CN(CN2C(=O)C(=O)c3cc(Cl)ccc32)C[C@@H](C)O1,1.9359999999999997,0.7835152689996866,21
O=S1(=O)C[C@@H]2N/C(=N/c3ccccc3C3CCCCC3)S[C@@H]2C1,3.2238000000000016,0.8895888883756521,23
[O-]c1nncc2c1Nc1nnnn1[C@H]2c1ccc(Cl)cc1Cl,1.5381999999999993,0.5623988739086633,22
[NH2+]=C(C1CC1)N1CC[NH+]2CCCC[C@H]2C1N1CCOCC1,-2.0346999999999937,0.4558843963611589,21
CCc1c(Br)cccc1[C@@H]1C2=C(CCCC2=O)Nc2[nH]cnc(=O)c21,3.6593000000000027,0.8071239653169793,25
C/C(=N/NC=O)c1ccc([N+](=O)[O-])cc1C(C)C,2.1882,0.37542799281898176,18
CC(C)(Cc1ccc(C=O)cc1)[C@H]1NCCc2c1[nH]c1ccccc21,4.436100000000003,0.6940050142697638,25
NC1=N[C@@H](c2ccco2)n2c(nc(=O)c3ccccc32)N1,1.2766,0.6996844522504978,21
Cc1cc2c(cc1[SH](=O)=O)n(COC(F)F)c(=O)c(=O)n2C,0.1756199999999999,0.636392566701627,22
O=C[C@H]1SC(=S)n2c1nc(=O)c1cc(Cl)ccc12,2.1696999999999997,0.5961737299237738,18
C/C(=N\Nc1nc(C)cc(C)n1)c1ccc(C#N)cc1,2.8012200000000007,0.6837077299302761,20
O=S1(=O)N=C(N2CCC[CH]C2c2cn[nH]n2)c2ccccc21,1.29499,0.8558678984332524,22
CC[C@@H](C)/C([O-])=N/S(=O)(=O)c1cc(Cl)ccc1Cl,2.487000000000001,0.6335478004616291,18
C=CCN1C2=C(C(=O)CC(C)(C)C2)[C@H](c2cc[nH]c2)n2ncnc21,2.844800000000001,0.8821306057275154,24
CCC1Oc2ccccc2OCP1(=O)Nc1ccc(F)cc1,4.680700000000003,0.8338761985470952,22
CC(=O)C1CCCc2oc3cc4oc(=O)cc(C)c4cc3c21,3.8565200000000033,0.6397530681424555,22
C/C(C[C@@]1(O)C(=O)Nc2ccccc21)=N\O,1.0665,0.39580528726511427,16
CC1=C(C=O)[C@@H](c2ccccc2)n2nnnc2N1,1.1608999999999998,0.7986233736653398,18
CC1=NN(C(N)=S)C(=O)[C@@H]1/N=N\c1cccc(Cl)c1,2.2540000000000004,0.6707138674147627,19
CC(=O)C1C2=C(NC3=NC(=O)NC(=O)[C@@H]3[CH]2)C(=O)CC1(C)C,0.5166899999999996,0.7343265637328233,22
CCC(=O)/N=C1/S[C@H]2CS(=O)(=O)C[C@@H]2N1c1ccccc1F,1.8371,0.820323605695554,22
CCCCCS(=O)(=O)/N=C(\[O-])c1cnn(C)c1,0.04699999999999971,0.40948527230096027,17
COc1c(O)cccc1[C@H]1NCCc2[nH]c[nH+]c21,0.7780999999999998,0.7329243709465353,18
Cc1ccc(Br)cc1[C@@H]1CCc2nc(N)sc21,3.8743200000000018,0.8681554088318657,17
Clc1ccc2c(c1)-n1cccc1C1(CC[NH2+]CC1)N2N1CCOCC1,1.7503999999999995,0.842565405766623,25
C[C@]1(O)CC[C@H]2[C@@H]3CCC4=CC(=O)CCC4=C3C=C[C@]21C,3.719400000000003,0.7358478573657866,21
Cn1ncc2c1N(c1ccccc1Cl)C(=O)C[C@@H]2c1ccco1,3.866800000000003,0.7176840075090982,23
O=C1CN2Cc3ccccc3C[C@@H]2C(=O)N1,0.06970000000000015,0.6242757766514871,16
O=[S@@](CCC(F)(F)F)c1cccc(F)c1,2.885700000000001,0.7423172490889345,15
CC(=O)NN1C(=O)c2cc(Cl)ccc2N[C@@H]1Cc1ccc(Cl)cc1,3.4810000000000016,0.8767512691486944,24
O=c1cc([O-])n2c3c(cccc13)CCC2,1.0212999999999997,0.6369893497839508,15
N#C[C@@]1([C@@]2(O)CC[CH]CCC2)CCOC1,1.81617,0.6685973899327434,15
CC(=O)c1cccc(/C(C)=N\N=C2/NC(=O)CS2)c1,1.8321999999999998,0.5195053640044474,19
CC/C(=N/NC(C)=O)c1ccc(O)cc1CCCO,1.5673,0.5385199687549508,19
CC(C)CN1C(=O)C(=O)c2cccc(F)c21,2.011,0.7162408274937033,16
C[C@@H]1CCc2c(sc3nc[nH]c(=O)c23)C1N1CCOCC1,1.9402,0.8745755678755845,21
Cc1ccc2c(c1Br)/C(=N/NC(=O)CCC=O)C(=O)N2,1.5090199999999998,0.6443493479530493,20
CC/C([O-])=N/S(=O)(=O)c1ccc2c(c1)OCCO2,0.31530000000000014,0.582538707657852,18
CC1=C(C#N)c2nc(N)c(C#N)c(C)c2C1,1.6970800000000001,0.7055283369371101,16
C/C(=N\Nc1ccc(F)cc1F)c1ccco1,3.3939000000000012,0.6547377315979347,17
O=c1c2ccccc2ncn1/N=C/c1cc(Br)ccc1Oc1ccccc1,4.8335000000000035,0.444545871984084,27
CN1C(=O)C[CH]C2=C1C(c1ccccc1)C(C)(C)CC2=O,3.089690000000002,0.7934768281027544,21
Cn1c(=O)c(=O)n(CN2CCOCC2)c2ccc(S(=O)(=O)CCC=O)cc21,-0.6473999999999982,0.47252267179289803,27
CC(C)N1[CH]C[C@H](NC=O)c2c1cccc2[N+](=O)[O-],2.16219,0.5122785067768334,19
NC1=[NH+][C@@H](c2cccs2)n2c(nc3ccccc32)N1,0.46549999999999964,0.6016901067064911,19
C[C@@H](C(=O)[O-])c1ccccc1S(=O)(=O)[C@@H]1CCS(=O)(=O)C1,-0.4991999999999994,0.7357715627903777,21
CC1=C(C=O)[C@H](c2ccccc2)n2ncnc2N1,1.7658999999999998,0.8125477859091841,18
O=C1c2cccc3cccc(c23)N1C[NH+]1CCCC(N2CCOCC2)C1,1.1370000000000005,0.9001118140904463,26
C[C@H]1CCCN(S(=O)(=O)N2CCCC2)C1,1.0589000000000002,0.7140333283074943,15
C[NH+]1CCN(n2c3c(cnc2=O)CCCC3c2ccc3c(c2)OCO3)CC1,-0.09349999999999792,0.8016487448564337,27
N[C@@H]1CC2(CCOCC2)Oc2ccccc21,2.0181000000000004,0.725670128577732,16
COC1CCCCCc2c1ccc(N)c2C#N,2.9444800000000013,0.7544458437269946,17
Cc1ccc(C)n1Nc1ccc([N+](=O)[O-])c2cnccc12,3.436540000000001,0.5896571961162935,21
CC(=O)C[C@]12CC[C@H]3[C@H](C=C(Cl)C4=CC(=O)[C@@H]5C[C@@H]5[C@@]43C)[C@@H]1CC[C]2O,4.580390000000004,0.7702612210525847,26
COc1c(C)cc(C)c(S(=O)(=O)Nn2cnnc2)c1C,1.14436,0.9141589250400243,20
CCCCc1cccc([C@@H]2NC(=O)c3oc4ccccc4c(=O)c32)c1,3.9684000000000017,0.7857783842600303,25
CC(=O)NN=Cc1ccc2c(c1)OCCO2,0.9278,0.5954005041305873,16
O=C1Nc2ccccc2N2CCCC[C@@H]12,1.9975999999999998,0.6974967227364322,15
O=CNNS(=O)(=O)c1ccc([N+](=O)[O-])cc1N1[CH]CCC1,0.2960900000000002,0.44223262277994824,21
Oc1ccc(/C=N/N2[CH]N=[NH+]C2=S)cc1O,-0.3157100000000003,0.37335849145698724,16
C/C(=N\Nc1nnn[n-]1)c1c[nH]c2ccccc12,1.1461999999999997,0.5287469064160363,18
CC(=O)C1CCCCC1(O)[C@H]1CCc2ccc[nH+]c21,2.0408,0.8843781983549096,19
Cc1cc2c(cc1[SH](=O)=O)n(CN1CCOCC1)c(=O)c(=O)n2C,-0.7313799999999986,0.5778887295843218,24
C[C@@H]1CN(C[C@]23C[C@@H](O)[C@H]4[C@H](CCC5=CC(=O)CC[C@@]54C)[C@H]2CC[C]3O)c2ccccc21,4.9973900000000055,0.687864265816235,32
CC(=O)N/N=C/c1cc(Br)c(O)c(Br)c1Oc1cccc(C)c1,4.487920000000003,0.5419939319588231,23
O=C(C1[CH]CCCN1C1=NS(=O)(=O)c2ccccc21)C(Cl)(Cl)Cl,2.7434900000000013,0.6869777523761222,23
Cc1cccc(/C=N/NC(=O)C(C)(C)C)n1,1.88622,0.6096627220190914,16
CN(C)C1CCc2cccc3c(=O)c(/C=N/c4ccccc4)c([O-])n1c23,2.8321000000000014,0.6853006985382044,26
O=C1c2ccccc2[C@H]2[C@@H]3[NH+]=c4ccccc4=C3C[CH]N12,-0.31770999999999905,0.7019989399286835,21
CC[C@@](C)([NH3+])C(=O)N=c1[nH]c2ccccc2[nH]1,0.3339000000000002,0.6855081405788117,17
O=C1CNC[C@@H]2c3ccccc3CCN12,0.7155999999999996,0.6718981410348353,15
O=C1c2cccc3c([N+](=O)[O-])c([O-])cc(c23)C(=O)N1Nc1ccccc1,2.4447,0.4414349541552053,26
O=C1CSC(=S)N1/N=C/c1c[nH]c2ccccc12,2.3621,0.6758917564421196,18
Cc1ncnc2cc(S(C)(=O)=O)ccc12,1.34172,0.730211391071032,15
COC1c2sc3nc[nH]c(=O)c3c2CC[C@H]1C,2.2544000000000004,0.8442325152108091,17
O=C([O-])CCCCN1C(=O)CCc2cc([N+](=O)[O-])ccc21,0.7941999999999998,0.43770432264083986,21
CC1(C)CCC[C@H](S(=O)(=O)c2cccs2)[C@H]1[NH3+],1.711,0.8921613211826781,17
CON(C)C(=O)C[C@H]1CCOc2ccccc21,1.9626,0.7517024091384695,17
NC(=S)N/N=C1/[N-]c2ccccc2C1=O,1.0348000000000002,0.5457559203841735,15
NC1=C([O-])NC(c2ccccc2[N+](=O)[O-])=NN1O,-1.0035999999999992,0.45106935405645693,18
CC1=N[C@@H]2C=C(c3ccc(Cl)c(Cl)c3)C([C@H]3NN=C(S)N3)=CC2=C1C,4.196100000000002,0.6623255958905794,25
O=S1(=O)N=C(N2CCC[CH]C2CO)c2ccccc21,0.7964900000000001,0.8251247213972122,19
Cn1ncc2c1N=C(O)CS[C@@H]2c1ccc2ncccc2c1,3.392500000000001,0.7480610712099177,22
C=CCc1ccccc1[C@@H]1SCC(O)=Nc2n[nH]cc21,3.562400000000001,0.8475652837502925,20
CC1=C(C=O)[C@H](c2ccccc2)n2nnnc2N1,1.1608999999999998,0.7986233736653398,18
O=C1CCCCC[C@H]1[C@@H]1CCc2cccnc21,3.2608000000000024,0.6917695438636696,17
Nc1ccc2c(c1)CC[C@@H]2[NH+]1CCc2ccccc2C1,1.8972999999999995,0.7580289686569062,20
C[C@H]1CC(=O)C2=C(C1)N(CO)c1ncnn1[C@H]2c1ccc2c(c1)OCCCO2,2.0517,0.8501300531996726,28
O=C(N/N=C/c1ccccc1[N+](=O)[O-])C(F)(F)C(F)(F)C(F)(F)F,2.8778000000000006,0.3788147774840107,24
CC(=O)C[C@@]12[CH]CC[C@@H]1[C@@H]1CCC3=CC(=O)CC[C@@]3(C)[C@@H]1[C@@H](O)C2,3.6525900000000027,0.8410883323269155,24
C=CCNc1ccc2c(=O)n3cccc(C)c3nc2[n+]1C(C)C,2.622420000000001,0.4577694605511387,23
CC1(C)Oc2ccc([SH](=O)=O)cc2NC1=O,0.7664,0.7121458096395883,16
CONC1=C(C#N)[C@H](c2ccncc2)n2c(s/c(=C/c3ccncc3)c2=O)=C1C=O,0.40987999999999986,0.47292237686950583,30
C[C@H]1S/C(=N/c2ccc(Cl)cc2)NC1=O,2.5790000000000006,0.8198930851921475,15
NC(=S)[C@@H]1CN(S(=O)(=O)N2CCCCCC2)CCO1,0.09409999999999963,0.7482067173888207,19
O=C1Nc2ccccc2[C@@H]1c1ccccc1,2.770600000000001,0.7683539112249049,16
O=S(=O)(/N=C(\[O-])C1[C@H]2CCCC[C@@H]12)c1cc(F)ccc1F,1.8484999999999996,0.6313208725589153,21
O=C1N[C@]2(C(=O)Nc3c(Br)cc(F)cc32)N2CCOC[C@@H]12,0.5236999999999998,0.7114591250576494,21
CC[SH]1C[C@H](C)C(=O)Nc2cc([SH](=O)=O)ccc21,1.6251,0.7244415510776739,18
CCC(=O)NNc1sc2ccccc2[n+]1COC,1.6457999999999997,0.6388461112006769,18
O=c1c2c3c(sc2ncn1/N=C\c1ccccc1O)CCCC3c1cccnc1,3.9090000000000025,0.5270434050304704,29
CS(=O)(=O)[C@H]1CCC[C@@]1(O)[C@]1(C[NH3+])CCc2ccccc21,0.44070000000000076,0.849772525616836,21
NS(=O)(=O)c1cnccc1NN1CCCCC1,0.5417999999999996,0.823801297654866,17
O=C1N=C2NC3=C([CH][C@H]2C(=O)N1)C(=O)CCC3,0.06548999999999994,0.6180946940954043,17
CC1(C)CCCc2cc(C#N)c(Cl)nc21,3.2205800000000018,0.6298376577600783,15
COC1CCCC12NC(N1CCN(C=O)CC1)=NC(=O)[C@H]2C#N,-0.6763199999999983,0.67755715726667,23
Cc1ccc(Cl)c2c1NC(=O)[C@@]21NC(=O)c2c(Cl)cccc2N1,3.26222,0.6844675513943274,23
CSC1=C(C#N)[CH]C2=C(N1)C(N1CCOCC1)CCC2=O,1.20987,0.8270679736528174,21
O=c1nc(N/N=C/c2cccnc2)cc[nH]1,0.6109000000000001,0.5801212187930542,16
CCCC[C@@H](C(=O)[O-])[C@]1(O)COc2cc(O)ccc21,0.5284999999999997,0.8101205713191765,19
CC(C)CC1=C[C@H]([C@@H]2NN[C@H]3SC(c4cccc(Br)c4)=NN32)N=N1,3.6414000000000017,0.800156773112652,24
CC(=O)NNC(=O)CCS(=O)(=O)c1ccccc1-c1nc2ccccc2n1C,1.5714000000000001,0.6319202289211523,28
O=CC1=C(c2ccccc2)S(=O)(=O)CCO1,0.9991000000000001,0.7210535173816558,16
Cc1n[nH]c(C)c1/N=C/c1ccc([N+](=O)[O-])cc1,2.685340000000001,0.5114056187091491,18
O=C1CCC[C@@H]1[C@]1(O)C(=O)Nc2ccccc21,1.1954999999999998,0.7626998026315337,17
Cc1ccc([S@@](=O)[C@H]2CCC(C)(C)[C@@H]2[NH3+])cc1C,2.21014,0.8761515449347457,18
C[C@@H]1CCc2c(sc3nc[nH]c(=O)c23)C1,2.1094,0.7387397007183483,15
CC1=C(C=O)[C@H](c2cccc(Br)c2)n2ncnc2N1,2.5284000000000004,0.8643359340976028,19
Oc1ccc(C2=NN=C(C(F)(F)F)[CH]2)c(O)c1O,1.7286899999999998,0.6711534965523684,18
Cc1ccc(S(=O)(=O)N/N=C/c2ccc(C)c(C)c2C)cc1,3.232680000000002,0.6952030435377307,22
CC1(C)Oc2ccc3ccc(=O)oc3c2[C@@H]([NH+]2CCCCC2)[C@@H]1O,1.4348,0.7767528881385135,24
C#C[C@@]1(O)CC[C@H]2[C@@H]3CCC4=CC(=O)CCC4=C3CC[C@]21C,3.556700000000003,0.69404682011288,22
N#Cc1c(/N=C\c2cc([N+](=O)[O-])ccc2[O-])sc2c1CCCC2,3.2309800000000015,0.4904705127711958,23
O=c1oc2ccc(F)cc2cc1S(=O)(=O)c1ccc(Br)cc1,3.527400000000002,0.6355499166552047,22
Cc1cc2n(n1)[C@H](c1ccsc1)Nc1c(C)cccc1-2,4.200840000000002,0.724153048702135,20
CC(C)(C[S@@](=O)c1cccc(C(C)(C)C)c1)C(=O)[O-],1.8678,0.846260766742021,19
Cc1ccccc1-c1c(S(=O)(=O)NNC=O)ccc(C)c1C,2.218160000000001,0.6554707475558118,22
Nc1nc2nnc3c(n2n1)-c1ccccc1C3=O,0.31289999999999984,0.47307939914475516,18
O=[SH](=O)c1cccc(/N=C/c2ccccc2O)c1,2.1131,0.65659865288455,18
C/C(=N/Nc1ccccc1)c1ccc(S(C)(=O)=O)cc1,2.9262000000000015,0.6948677931696398,20
CCC[C@]12CC[C@H]3[C@@H](CC[C@@H]4C[C@@H](O)C(=O)C[C@@]43C)[C@@H]1CC[C]2O,4.253690000000004,0.7938885542947638,24
O=C1CN(C2[CH]CCCN2C2=NS(=O)(=O)c3ccccc32)c2ccccc2N1,2.22039,0.8007194532800339,28
CC(=O)N[C@H]1NC(=S)S[C@@H]1C1[NH+]=c2ccccc2=[NH+]1,-4.121199999999996,0.41849491747006473,19
NC1=NC(=O)[C@@H]2C(=[NH+]1)c1ccccc1CC21CCCC1N1CCOCC1,-0.5453999999999981,0.7101594322100773,26
CC[SH]=C1N=C([O-])/C(=C\NN2CCOCC2)C(=O)N1,-1.831499999999998,0.32235575293401997,19
Cc1ccc(C2=C(CC(C)C)C(N)=NS2(=O)=O)cc1C,2.7612400000000017,0.9306604409816681,20
Cc1ccc(C2=[N+]([O-])[C@H]3CCCC[C@@H]3[N+]([O-])=C2)cc1,2.2003200000000005,0.5725058606941629,19
C[NH+]1CCc2c(sc3c2C(=O)N[CH]N3C(C)(C)C)C1,0.7864899999999999,0.7364799514414216,19
O=C([O-])C[C@@H]1OC(=O)c2cc3c(cc21)C(=O)O[C@H]3CC(=O)[O-],-1.6103999999999994,0.606519730298897,22
COO[C@@H]1CC[C@@H](O)c2c1[n+]([O-])c1ccccc1[n+]2[O-],0.5528999999999997,0.3746796754306994,20
Cc1ccc([C@H]2NC(=O)c3oc4ccccc4c(=O)c32)c(-c2ccco2)c1,4.194220000000003,0.5836636093739653,27
Cc1ccn2c(nc3ccccc32)c1C#N,2.6676,0.5682804382629486,16
OC1([C@H]2CCOC3(CCCC3)C2)C[C@H]2CC[C@@H](C1)[NH2+]2,1.3451000000000004,0.7522868544468841,19
CC(=O)N1C(=O)c2ccccc2OC12CCNCC2,1.1474000000000002,0.7598655605189873,19
C[C@H]1C=C(c2ccccc2)c2ccccc2N(C)/C1=N\S(C)(=O)=O,3.5623000000000022,0.8397241571810485,24
COCC1(C)[C]2CC[C@@H]1c1nc(C#N)c(C#N)nc12,1.6862499999999998,0.80043036280027,19
C[NH+]1CCC2(CC1)[NH+]=c1ccccc1=C1NC(=O)C(c3cccc(CCO)c3)=NN12,-3.158199999999994,0.4352477262855877,30
Cc1n[nH]c2c1[C@@H](c1cccc(-c3ccc([N+](=O)[O-])cc3)c1)SCC(=O)N2,4.068020000000002,0.5268471525069779,27
COc1cccc(N/N=C(\C(C)=O)N2CCOCC2)c1,1.3417999999999999,0.5110312228126144,20
O=S(=O)(N1CCOCC1)N1CCCC(C2CCCC2)C1,1.4655999999999998,0.7929907321628309,20
O=S1(=O)N=C(N2CCCC(c3ccccc3)C2)c2ccccc21,3.015100000000002,0.8092505394432111,23
CC(=O)C1=C(C)C(C(=O)NNC=O)=N[C@H]1C,-0.48780000000000046,0.49777024181365737,16
CC(=O)NNc1sc2ccccc2[n+]1Cc1ccc2c(c1)OCCO2,2.4713000000000003,0.5568365577227773,25
CCC(CC)[C@H](C#N)S(=O)(=O)c1ccc(F)cc1F,3.066880000000002,0.7819484016317885,19
C=CCS(=O)(=O)/N=C(\[O-])c1cc(F)cc(Br)c1,1.2109000000000003,0.4754411074602487,17
CCc1c([SH](=O)=O)cnc2nc([O-])[nH]c(=O)c12,-1.0756000000000001,0.6587210204897126,17
Cc1cc(Cl)ccc1-c1ccccc1[C@@H]1C(=O)Nc2ccccc21,5.399420000000003,0.6680873805989146,24
O=C([O-])C1CC/C(=N/Nc2ccccc2)c2ccoc21,1.7230999999999994,0.8605539207761708,20
CC(=O)N/N=C/c1cc([N+](=O)[O-])c(C)s1,1.43472,0.4812910281240954,15
O=S(=O)(N1CCOCC1)N1CCNC(N2CCOCC2)C1,-1.873099999999995,0.6565331059569818,21
C[C@@H]1CC(=O)Nc2cc([SH](=O)=O)ccc2S1,1.4797,0.7480247963260753,16
N#CC1([C@@]2(O)CCC[NH2+]C2)CCCC(C2CCCCC2)C1,2.35518,0.8202109251482521,21
O=S(=O)(NNc1ccc(Br)cc1)c1ccccc1,2.754500000000001,0.8492128916367083,18
Cn1c(C2=C(NC3CC3)NCC2=O)[n+](C)c2ccccc21,0.5956999999999997,0.8109879846573059,21
Cc1ccc(/[NH+]=c2/ccc3ccc(O)cc3o2)c(-c2cn(C)c3ccccc23)c1,3.9185200000000027,0.48699048298162095,29
CN(C)C1NCNC2=N[C@@H](c3ccc(Cl)cc3F)n3c(nc4ccccc43)N21,2.547200000000001,0.6931749634827241,28
O=S(=O)(/N=C1\CCCN1)c1ccccc1,1.1572,0.8196380196752578,15
CC1(O)CCC(=NNc2ccc([N+](=O)[O-])cc2[N+](=O)[O-])CC1,2.5959000000000003,0.6488320635520258,22
C[C@]12C[C@H]3S[C@H]3C[C@@H]1CC[C@@H]1[C@@H]2CC[C@]2(C)[C@@H](O)CC[C@@H]12,4.483900000000005,0.6657081006027629,21
c1ccc2c(c1)OCCOCCOCCO2,1.4909999999999994,0.6687571974254711,16
O=C([O-])CCCC1=C2CCC(=O)C=C2CCC1,1.6764,0.7418740361024375,17
Cc1cc(-c2c([SH](=O)=O)ccc(N/N=C3/CCC[C@@H](C)C3)c2[N+](=O)[O-])no1,3.506520000000002,0.4525519533830409,27
C[C@H]1CC[C@](O)(C2(C#N)CCCC(c3cccc4ccccc34)C2)C[C@@H]1C,6.194580000000006,0.692364901888419,27
Cc1cc2c(cc1[SH](=O)=O)O[C@@H](C)C(=O)N2,0.68472,0.7092952256065602,16
O=C1[C@@H]2[C@@H](C(=O)N1/N=C/c1c(O)ccc3ccccc13)[C@H]1C=C[C@@H]2CC1,3.076500000000001,0.5160439101191577,26
CC1=NN(C(N)=S)C(=O)/C1=N\Nc1cccc2c1C(=O)c1ccccc1C2=O,1.6915999999999998,0.507106548717677,28
CCCn1c(O)c(/N=N\C([S-])=[NH+]\c2ccccc2F)c2cc([SH](=O)=O)ccc21,2.2652,0.19390076484366914,28
C[C@]12CCC(=O)C=C1C[CH][C@H]1[C@@H]3CC[C@@]4(CC(=O)CO4)[C@@]3(C)C[C@H]3O[C@]312,3.1919900000000014,0.6263551381490049,26
O=C1NC(=O)c2ccccc2/C1=C\N[C@@H]1CCSc2c(F)cccc21,3.263300000000002,0.6419883116344592,25
CCN1c2ccccc2C(=O)NC12CCNCC2,1.3359999999999996,0.7844291415406066,18
CCC1[NH2+]CCc2[nH]c3c(C)c(Cl)ccc3c(=O)c21,2.0605199999999995,0.8236180525397925,19
O=C1NC2(CCNCC2)Nc2ccccc21,0.9215999999999993,0.6054936007186787,16
O=CN/N=C/[C@@H]1C=NN=C1c1ccccc1,0.8230999999999997,0.44986383838657884,16
C[C@]12CC[C@@H]3[C]4CC[C@H](O)C[C@@]4(O)CC[C@@H]3[C@@]1(OCO)CC[C@@H]2C1=CC(=O)OC1,2.2614900000000007,0.4923871574849171,29
C[C@@]12CCCC[C@@H]1CC[C@H]1[C@H]3CC[C](O)[C@]3(CCCO)CC[C@@H]12,5.076290000000006,0.7616058556919632,23
O=C1NC2(CCNCC2)N(c2ccccc2)c2ccccc21,2.6478,0.8493640998051623,22
CC(=O)/C(C#N)=C1/NC(c2ccc3c(c2)OCO3)=CS1,2.3742799999999997,0.6645310026976686,20
C[CH]CS(=O)(=O)c1ccc([N+](=O)[O-])cc1[NH+]1CCCCCC1,1.68309,0.6591855734571134,22
CC1=CC(C)(Cc2cccc(C)c2)N2C(=O)[C@]3(NC(=O)[C@H](C)S3)c3cc(C)cc1c32,4.472640000000004,0.7827183161087661,30
Cc1ccc2c(c1)=C1CCCC[C@H](O)[C@H]1[NH+]=2,-0.8369799999999987,0.5826804992708691,16
C[C@]12CCC(=O)C=C1C=C[C@@H]1[C@H]2CC[C@]2(C)C(=O)CC[C@@H]12,3.863400000000003,0.6765587980075699,21
CC1=NC(=O)C2=C(c3ccccc3)CSC2=N1,2.544100000000001,0.759067403661712,17
C/C(=N\NC(N)=S)c1ccc(O)cc1O,0.655,0.3369587958543405,15
O=[N+]([O-])c1cccc(/C=N/[C@H]2[CH]CS(=O)(=O)C2)c1,1.0149899999999998,0.4641783131680882,18
Cc1[nH]nc2c1[C@H](c1ccc3c(c1)OCO3)C1=C(CC(C)(C)CC1=O)N2,3.647420000000002,0.8201162179733599,26
CCCS(=O)(=O)/N=C(\[O-])c1cc(C#N)cs1,0.4664799999999997,0.5783863493038615,16
Nc1nc2c(s1)[C@H](c1cccc3cnccc13)CC2,3.3516000000000012,0.7352774174841279,19
C[C@@H]1CCc2c(sc(/N=C/c3ccc(O)cc3O)c2C#N)C1N(C)C,3.966580000000003,0.816664950180348,25
Cn1c(=O)n(CC2CCCC2)c2ccc([SH](=O)=O)cc21,1.5005000000000002,0.872743585522166,20
CC(C)(C)C(=O)c1cccc([C@@H]2NC(=O)c3oc4ccccc4c(=O)c32)c1,3.8546000000000022,0.7034639888865605,27
C[C@H]1CCc2c(cnc3cccc[n+]23)C1,1.9450999999999998,0.5925694732028141,15
CC1(C)OCc2sc3ncn4ncnc4c3c2C1S(=O)(=O)c1c(F)cccc1F,3.4410000000000025,0.47851406105158834,29
CCCS(=O)(=O)/N=C(\[O-])c1ccc(C)cc1F,0.9808199999999997,0.596828932559682,17
CC/C(=N/NC(C)=O)c1ccc(O)cc1,1.6423999999999999,0.5830573333454712,15
N#CC1=C(N)C(C#N)(C#N)C2(CCC3(CC2)OCCO3)[C@@H]2CC3(CC=C12)OCCO3,2.15294,0.644144024531411,30
Cc1ccc(S(=O)(=O)N/N=C/c2ccccc2)cc1,2.3074200000000005,0.6867451404348045,19
O=C1C=CC(=NS(=O)(=O)c2ccc(Br)cc2)C=C1,2.2739000000000003,0.7833973660783464,18
Cc1ccc(Nn2c(C)ccc2C)cc1[N+](=O)[O-],3.196760000000002,0.6668868218981607,18
CC1=C(C=O)C2(CCCCCC2)OC1=O,2.1516,0.48957823635272596,15
C[C@@H]1CC[CH][C@](O)([C@@H]2CCC[C@H](S(C)(=O)=O)C2)C1,2.3451900000000006,0.8399539172837482,18
Cc1[nH]c2ccccc2c1C1=CCNC(c2ccc(F)cc2)C1,4.733420000000003,0.7033640605808222,23
C[CH]/C([O-])=N/S(=O)(=O)c1sc(C)nc1Cc1ccc(F)cc1F,1.9922100000000003,0.60450334406739,23
C[C@@H]1CCCc2sc3[nH]c(=S)[nH]c(=O)c3c21,3.086990000000001,0.7078221789812655,16
CC1CCN(C2=[NH+][C@H]3[C@H](N2)C([O-])=NC(=O)N3C)CC1,-2.7229999999999954,0.4981501040240975,19
O=Cc1ccc2c3c(cccc13)-c1ccccc1-2,4.299700000000002,0.44544505202934154,18
COc1cccc(/C=N\Nc2ncnc3sc4c(c23)CCCC4)c1,4.024700000000003,0.5763450320432141,24
O=S(=O)(N1[CH]CCCCC1)N1CCCC1,1.36479,0.71982284217035,15
C[NH+]1CCc2c(sc3c2C(=O)N[CH]N3c2nccs2)C1,0.7761899999999997,0.8183737692799619,20
CC1CCC(C#N)([C@]2(O)CCc3ccccc32)CC1c1ccc(Cl)cc1,5.587580000000004,0.753599948157346,26
CCCCC1[C@@H]2[C@H](CN1/C(N)=[NH+]\CC)C[NH+]1CCCC[C@H]21,-1.040599999999996,0.45815633790166665,21
O=C1CCCN1Cn1ncnc1/N=C(\[O-])N1[CH]CCCC1,-0.14651000000000014,0.5704058555407191,21
CCC1=NC2=C(/C(=N/N)CC(C)(C)C2)[C@H]2[NH+]=c3ccccc3=C12,0.17310000000000186,0.5638164983660547,23
Cc1ccc(S(=O)(=O)c2ccc(Cl)c(N)c2)cc1,3.0634200000000007,0.8607827776410223,18
Cc1ncc2c(n1)C(S(=O)(=O)c1cccs1)Oc1ccccc1C2,3.302220000000002,0.7029193792277599,24
CCc1cc([N+](=O)[O-])ccc1[C@H]1[CH][C@H](C)Nc2ncnn21,2.35639,0.6911095899757572,21
CC(=O)/N=c1/sc2c(C)cc(C)cc2n1Cc1ccc(S(C)(=O)=O)cc1,3.2186400000000024,0.6917543388685882,26
COc1cccc(S(=O)(=O)O/N=C2\C=CC(=O)C(C)=C2)c1,1.8417,0.6259537033507767,21
N#Cc1c(/N=C/c2cccc(Cl)c2)sc2c1CCC2,4.512480000000002,0.748159618236732,19
O=C1CN2Cc3ccccc3C[C@@H]2C(=O)N1c1ccccc1,1.9867000000000001,0.7547523699526943,22
CS(=O)(=O)[C@H]1CCC[C@@H]([C@@H]2CCCC[CH]C2N2CCOCC2)C1,2.6850900000000006,0.7399751860537325,23
CC(C)[C@H]([NH3+])CCC[C@H]1COc2ccccc21,2.5994,0.8350601540031496,17
O=C1N[C@]2(COC3(CCNCC3)C2)N([NH+]2CCCCCC2)c2ccc(Cl)cc21,1.5025000000000002,0.662461430288797,28
O=C1C[C@H](c2ccc3c(c2)OCO3)c2c([O-])nc3ncnn3c2N1,0.4006999999999998,0.6888800840408393,24
C[CH]C1=CNN(c2ccc(F)cc2F)[C@@H]1CC(C)(C)C,4.202290000000003,0.8916224441528144,20
CC1CCN(N2c3ccccc3C(=O)NC23CCNCC3)CC1,1.9629999999999992,0.8318525429243296,23
CCc1cc([N+](=O)[O-])ccc1S(=O)(=O)[N-]/N=C/c1ccccc1,3.253700000000002,0.4597613419866823,23
Cc1ccc(S(=O)(=O)C2=C([O-])C(=O)N[C@H]2c2ccccc2)cc1,1.2117199999999997,0.9174494138035505,23
C[C@@H]1CC(=O)C2=C(CC[C@]3(O)[C@@H]2C(=O)c2cccc(O)c2[C@@H]3O)C1,2.0586,0.6774707599631112,24
CC(=O)NN=Cc1cccc([N+](=O)[O-])c1-c1cccc(C)c1,3.0402200000000015,0.5344656219467081,22
Cc1n[nH]c(N/N=C\c2ccccc2)nc1=O,0.9193199999999999,0.6052136913328406,17
Cc1n[nH]c(=O)c2cc3oc4ccccc4c3n12,2.2304200000000005,0.5114704775056746,18
COC1CCC([C@@H]2CCOC3(CCC3)C2)=C[C@H]1[NH3+],1.6813999999999991,0.7600861046069057,18
Cc1ccc(S(=O)(=O)[C@H]2CCNC2[C@@H]2CCS(=O)(=O)C2)nn1,-0.2760800000000001,0.803069287760759,22
O=CC1=C([O-])C(=O)O[C@H]1[C@@H]1OC(=O)C(=O)C1c1ccccc1Cl,-0.3431999999999997,0.421816141141935,23
CN(C)C1C(=O)C(=NNc2ccc3ncsc3c2)C(=O)CC1(C)C,2.562500000000001,0.8663371911610501,24
Cc1cc2c3c(c1)C1(N=C(N)NC(N)=N1)C(=O)N3C(C)(Cc1ccccc1)C[C@H]2C,2.235620000000001,0.7155472143735259,30
Cc1ccc2c(c1)C(=O)C[C@]1(CCNC(=O)CC1)O2,1.99912,0.7749637176414808,19
Cc1nc2[nH]nc(N)c2c2c1CSC(C)(C)C2,2.4164200000000005,0.7510213767887544,17
CC(=O)C1=C(C)Nc2ncnn2[C@H]1c1cccc(-c2ccc(C)cc2)c1,4.131420000000002,0.775918441140103,26
CC(=O)C1Cc2ccc(cc2)CCc2ccc1cc2,3.7005000000000026,0.7539055615854,19
O=CCN1C(=O)[C@@]2(NC(=O)CS2)c2ccccc21,0.24789999999999962,0.7757621290095407,18
O=c1ccnc2n1[C@@H](CS(=O)(=O)c1ccc(Br)cc1)C[SH]2N1CCOCC1,1.6417000000000002,0.5363532951952283,27
Cc1cc(Cn2c(=O)c(=O)n(C)c3cc(C)c([SH](=O)=O)cc32)ccc1Br,2.09814,0.5031081025858319,26
CCc1nc(Cl)ccc1[C@H]1NCCc2[nH]c[nH+]c21,1.6746999999999999,0.8102551561681905,18
C[C@@H]1Nc2ccccc2NC2=C1C(=O)O[C@@H](C)C2,2.5020000000000007,0.6884095817545378,18
O=c1oc2ccccc2cc1C1=NN(c2ccccc2)[CH]C1,3.5691900000000016,0.6774728976256891,22
O=S(=O)([O-])c1ccc(N/N=C/c2ccccc2O)cc1,1.7423000000000002,0.5072889239892423,20
COC1CCCCCC12OC(=O)C(C)=C2C=O,1.7765,0.5432486692742667,17
O=S(=O)(c1ccccc1F)c1ccsc1[C@H]1CCCc2cccnc21,4.583200000000002,0.6748932731493187,25
Cc1cc(F)cc2c1NC(=O)[C@]21NC(=O)[C@@H]2CCCCN21,1.2233199999999995,0.7547904440338172,21
CC(C)C1[NH+]=C2NC([NH-])=NC(=O)[C@@H]2N=C1[C@@H](O)[C@@H](C)O,-2.4069999999999965,0.4585397164491362,20
O=C1N(c2cccc(F)c2)C2(CC[NH+]CC2)NC12CCCC2,0.9139999999999999,0.8101828783096295,22
COc1cc(Br)ccc1/C=N\n1cnnc1S,2.2200999999999995,0.6981714145165798,17
S=C1N[C@H](NN2CCOCC2)[C@@H](C2[NH+]=c3ccccc3=[NH+]2)S1,-4.420499999999995,0.4178747688100836,22
CC1(C)Cc2c(C#N)csc2C(C)(C)[NH2+]1,1.7529799999999995,0.7121784544492433,15
O=C([O-])CCCC(=O)/N=C1/N[C@@H]2CS(=O)(=O)C[C@H]2S1,-1.708799999999998,0.6572066547712274,19
CN1CCN(S(=O)(=O)N2CCNCC2)CC1,-1.6161999999999965,0.6383225532470784,16
Cc1cc2c(cc1C)[C@@](C)([NH3+])CC(C)(C)N2,2.3547400000000005,0.6905958332465613,16
O=C([O-])C1=CC2=c3ccccc3=[NH+][C@@H]2C(c2ccccc2)=N1,-1.9435999999999967,0.698331238313908,22
CC1(C)CCC[C@]1(O)[C@@H]1CCO[C@]2(CCSC2)C1N1CCOCC1,2.5406000000000004,0.8244197462520462,24
Cc1ccc(C2=NN=C(C=O)C2C(=O)C2=C3CCCC[C@H]3S[CH]2)c(O)c1,3.3913100000000025,0.8275030072686491,26
CC1(C)O[C]2[C@@H](C[C@H]3[C@@H]4CCC5=CC(=O)C=C[C@]5(C)[C@@]4(F)[C@H](O)C[C@]23CC(=O)[O-])O1,1.7706899999999999,0.7343986660583193,30
O=C1CCCC2=C1[C@H](c1ccc([N+](=O)[O-])o1)n1nnnc1N2,1.1962999999999997,0.646601298817486,22
Cn1nc2n(c1=O)-c1ccccc1SC2,1.1767,0.6675873493974169,15
C[C@H]1[CH][C@H](c2ccc([N+](=O)[O-])cc2-c2ccccc2)n2ncnc2N1,3.4609900000000016,0.5853935548169772,25
O=C1NC(=O)[C@]2(CCc3ccccc32)N1,0.6675000000000002,0.6072788105990716,15
Oc1c(Br)cc(Cl)cc1/C=N/c1cccc[nH+]1,3.3728000000000025,0.8491320018417794,17
N/C(N[C@@H]1CCOc2ccccc21)=[NH+]/CC[C@H]1CCCO1,0.06419999999999959,0.5418067478278876,21
C[CH]C(=O)N/N=C1\C(=O)Nc2c1ccc(C)c2CC1CCCCC1,3.114410000000002,0.834665551507675,24
C[C@@H]1CN(S(=O)(=O)N2CCCC(C(=O)[O-])C2)C[C@@H](C)O1,-1.1976999999999973,0.6533170382709965,20
C[NH+](C)CN1C(=O)[C@@]2(C(C=O)=C(N)OC3=C2C(=O)CCC3)c2ccccc21,-0.22049999999999792,0.7196975451332615,27
CC(C)C(=O)N1[CH]CC(c2ccccc2)=N1,2.4407900000000007,0.7454114475575877,16
c1ccc2c(c1)NC1(CCCCC1)n1ncnc1-2,2.9875000000000007,0.7694279749005496,18
O=S(=O)(C/C(Cl)=C/Cl)c1ccc(Cl)cc1,3.4327000000000014,0.8524147721329353,15
O=S(=O)(/N=C1/[CH][NH+]=c2ccccc2=N1)c1ccc(F)cc1,-0.8917099999999989,0.7814335584413618,21
O=C1C[C@@]2(CCc3ccccc32)C(=O)N1,0.9171,0.6342346145617012,15
Cc1cc/c(=N/S(=O)(=O)c2ccccc2)[nH]c1,1.61272,0.8772864928893424,17
CC(C)(C)C1NCC[C@@H]1[S@@](=O)c1ncccc1[N+](=O)[O-],1.8739999999999997,0.6797827694340224,20
N#CC1=C(N)N2CCc3cc4c(cc3C2=C[C@@]12C(=O)Nc1ccccc12)OCO4,2.21188,0.7223414182890285,29
[O-]c1nncc(N/N=C/c2ccc(F)cc2)c1Br,1.8977999999999997,0.6939589392778317,18
CN1CC[C@@]2(CCC1=O)C[C@@H](N)c1ccccc1O2,1.8499999999999996,0.7742202612372537,19
Nc1nc2c(s1)[C@@H](c1c(F)cc(F)cc1Br)CCC2c1ccccc1,5.823600000000003,0.5661776121102147,25
CN1CCN(S(=O)(=O)N2CCNC(C(=O)CCC(=O)[O-])C2)CC1,-3.1483999999999934,0.5398095847335074,23
COC1c2ccc(Br)cc2CC[C@]12C[NH+]=C(N)N2,-0.17989999999999928,0.6742671233544913,18
O=C(N/N=C/c1ccccc1)C(F)(F)F,1.699,0.5928840596745094,15
C/C(=N/NC(=O)CC#N)c1ccc2cc[nH]c2c1-c1cccn1C,2.9272800000000005,0.5720261694072174,24
CN(C)CN1C(=O)/C(=N\c2sc3c(c2C#N)CCCC3)c2cc(Br)ccc21,4.247580000000004,0.7129819097385746,27
O=S1(=O)CC[C@H](S(=O)(=O)/N=C(\[O-])c2cccc(I)c2)C1,-0.08499999999999952,0.38061918122150284,20
Cc1cn2c(=O)c([SH](=O)=O)c(C)nc2s1,0.3431400000000002,0.7346075084796232,15
CCO[C@@H]1[CH]C(C)=C(CCC(C)=O)C(C)(C)C1,3.7113900000000033,0.7282855958087111,17
O=C1C[C@H](c2ccc3c(c2)OC(F)(F)O3)c2c(nc3sccn23)CN1,2.8691000000000013,0.7221166698556343,25
CCCCO[C@H]1CC[C@H]2[C@@H]3CCc4cc(O)c(Br)cc4[C@@H]3CC[C@@]12C,6.196100000000006,0.6027737178607159,25
C[C@H](CS(C)(=O)=O)C(=O)NNc1ccc(Cl)c(F)c1,1.6028999999999998,0.8103031672364386,19
Clc1ccc(/C=N/N2CCCCCC2)c(Cl)c1,4.203300000000003,0.7357750791339768,17
CC1(C)O[C@H]2O[C@H]3OC(C)(C)O[C@H]3[C@@H]2O1,0.9717999999999998,0.6035005355047118,15
CC(C)C[C@H]([NH3+])[C@H]1CCc2cccnc21,1.768,0.8023808741105181,15
NC(=O)C1NCC(=O)N2CCc3ccccc3[C@@H]12,-0.4305000000000007,0.7046553188575603,18
Oc1cccc(/C=N/c2ccc(Br)cc2)c1O,3.6109000000000013,0.6559339606212049,17
C[C@@]12CC[C@@H]3[C@H](CC=C4CC5(CC[C@H]43)OCCO5)[C@@H]1CC[C@@H]2O,3.663100000000003,0.6927732501177386,23
CC1(C)N=C(S)C(c2ccc(Cl)cc2N2CCCCC2)=N1,4.197400000000004,0.8123911067786255,21
CCC1[CH]CCCN1C1=NS(=O)(=O)c2ccccc21,2.2141900000000003,0.7905387310548249,19
O=c1ccc2cc(O)c3c(c2o1)OCO3,1.2273,0.6562152307651931,15
Cc1nc2sc3c(c2c2ncnn12)[C@H](CCCO)CCC3,2.839820000000002,0.8078148194581115,21
Cc1cc(C)c(S(=O)(=O)n2cc3c(=O)n(C)c(=O)n(C)c3n2)cc1C,0.5959599999999994,0.6649660157354513,25
Cc1cc(=O)oc2c3c(ccc12)OCC3=O,1.67652,0.6284354701557257,16
[NH3+][C@@H]1Nc2nc3ccccc3nc2[C@H]1C1[NH+]=c2ccccc2=[NH+]1,-3.8527999999999984,0.37078048814433934,23
CON1C(=O)CS/C1=N\N=C\c1ccccc1,1.5133,0.6024740309505819,17
CC(=O)C1=C(CN2CCOCC2)C(C(=O)NNC=O)=N[C@H]1C,-1.1754999999999984,0.47535178232014064,22
Clc1ccc2nnc([C@H]3CSc4ccccc43)n2n1,3.0153000000000016,0.690258309484587,19
SC1=NN[C@H]([C@@H]2N=NC3=C2CCC3)N1Nc1ccccc1,2.718000000000001,0.7520857169367137,21
C[C@H]1CCCN(S(=O)(=O)N2CCNCC2)C1,-0.13169999999999948,0.7392992726131088,16
CC(C[CH]C/[NH+]=C(/N)N[C@@H]1CCOc2ccccc21)CN1CCOCC1,0.05779000000000223,0.3642581715907157,26
O=[N+]([O-])c1ccccc1[C@H]1CC(c2ccccc2)=Nc2ncnn21,3.300200000000001,0.5472580931605193,24
C[C@H](CCCl)S(=O)(=O)c1ccc([N+](=O)[O-])c2nonc12,1.9221,0.46916412589701256,20
CC(=O)N/N=C/C1=c2ccccc2=[NH+]C1,-2.326999999999998,0.41014796933901826,15
C[C@@H]1CN(S(=O)(=O)N2CC[NH+]CC2)C[C@H](C)O1,-1.9947999999999964,0.6269016741771818,17
Cc1ccc2c(c1)[C@H](N[C@@H]1CCOc3ccc(F)cc31)CO2,3.681020000000002,0.9173146674830162,22
O=CNN1C(=O)c2cc(Br)ccc2N[C@@H]1c1ccccc1,2.6766000000000005,0.8404194679687516,21
C[C@H]1Cc2c(nc3n(C)c4ccccc4n23)-c2ccccc2C1=O,3.8679000000000032,0.4940163736553207,24
C[S@](=O)C(=C1c2ccccc2C(=O)c2ccccc21)[S@@](C)=O,2.704900000000001,0.7258069554649974,22
C[C@H]1CC(=O)NN=C1c1ccc(NN=C(C#N)C#N)cc1,1.3617599999999999,0.6423198478718842,21
CC(=O)N/N=C1/C[C@H]2CC[C@]1(C)C2(C)C,2.3247,0.660096340807494,15
Cc1cc(F)c2c(c1)C(=O)C(=O)N2[C@H](C)[C@H](C)O,1.43272,0.8089059517408357,18
CC1(C)CC(=O)C2=C(C1)O[C@@]1(O)C[C@@H]2[C@H]2CO[C@@H]1O2,1.1098,0.7112252940912973,19
Cc1ccc(-c2cccc([C@H]3CCc4cccnc43)c2)c(C)c1,5.443540000000004,0.6134251647010948,23
O=CNNC1=Nc2cc(Br)ccc2N(c2ccccc2)N1c1ccc(F)cc1,4.399600000000002,0.4666755285630262,28
CSc1ccccc1[C@H]1CC(=O)Nc2[nH]nc(C)c21,2.9141200000000014,0.827134073317341,19
C[NH+]1CCc2c(sc3c2C(=O)N[CH]N3CO)C1,-1.0622099999999992,0.5977340129313237,17
OCCC1[CH]CCCN1C1=NC=NC2=NC=N[C@H]21,0.2868899999999999,0.7600692474308447,18
Cn1c(=O)c(=O)n(Cc2cccc(S(C)(=O)=O)c2)c2ccc(S(=O)(=O)CCC=O)cc21,0.5147000000000002,0.3679719510326668,31
CN1C(=O)c2ccccc2C(=O)[C@@]2(C)C(c3ccccc3Cl)NC[C@@H]12,3.327700000000002,0.8541999167957782,25
O=c1oc2ccccc2cc1C1=NN(c2ccc3c(c2)OCO3)[CH]C1,3.2978900000000015,0.6734025954480205,25
[NH3+][N-]C1=NS(=O)(=O)c2cc([N+](=O)[O-])ccc21,-0.42569999999999975,0.5282971503090725,16
CC1=C(/C=N/NC(=O)C2=c3ccccc3=[NH+]C2)[C@H](Cl)N(c2ccccc2)N1,-0.48319999999999846,0.2902134738557173,27
Cc1cc(C)c2c(N)c3c(-c4cccc(Br)c4)c(C)ccc3[nH+]c2n1,5.139060000000003,0.4555444565812983,25
CCC/C(=N/NC(=O)C(C)(C)O)c1ccccc1,2.0778999999999996,0.618757426720922,18
Cn1c(=O)c(=O)n(CC(N)=O)c2ccc(S(=O)(=O)CCC=O)cc21,-1.451799999999998,0.4977817467983695,24
Cc1ccc2c(c1)=C1C(=C[CH][SH]1[C@@H]1CCCO1)C(=O)[NH+]=2,-0.41688999999999954,0.6891334784581253,20
CC1(C)[CH]C(=O)C(/C=N/c2ccccc2O)=C([O-])C1,1.91219,0.8224124252217313,19
CC1=C(C=O)[C@@H](c2cn(C)nc2C)n2ncnc2N1,0.8078199999999998,0.8063862320467561,19
CN1C(=O)[C@@]2(CCCNC2)c2ccccc21,1.2841999999999996,0.7083399271583928,16
Cc1cc(OC(C)C)ccc1/N=C\c1cc([N+](=O)[O-])ccc1[O-],3.5146200000000025,0.47978545433809106,23
Cc1ccc(/[NH+]=c2/ccc3ccc(O)cc3o2)c(-c2nccs2)c1,2.883320000000001,0.5920796201888063,24
Cc1ccc2c(ccc(C)[n+]2CCCS(=O)(=O)[O-])c1-c1ccccc1Cl,3.9998400000000034,0.48911324176309834,26
NC(=S)N1CCC2=c3ccccc3=[NH+][C@H]2[C@@H]1Cc1ccccc1,-0.5196999999999974,0.731534986055761,23
Cc1cc(C)nc(S(=O)(=O)[C@@H]2CC[NH2+]C2)n1,-0.7971599999999988,0.6890547663592065,16
C[C@@H]1CCc2c(sc3nn[nH]c(=O)c23)C1,1.5043999999999997,0.7331320306313667,15
CCCCC(=O)NNc1nc2sc3c(c2c(=O)n1C)CC(C)(C)OC3,2.4796000000000005,0.7963514663888377,25
COc1cccc(S(=O)(=O)/N=C(\[O-])c2cc3c(s2)CCC3)c1,1.7411999999999999,0.6291841802970324,22
CC1=C2C(=O)N=C(c3ccc(O)cc3)N=C2S[C@H]1C,2.529300000000001,0.8541444466533334,19
CC1(Cc2cccnc2)[C]2CC[C@@H]1c1nc(C#N)c(C#N)nc12,2.677550000000001,0.8506558588036058,23
O[C@@]1([C@H]2CCOC3(CCOCC3)C2)CCc2ccccc21,2.7962000000000016,0.8633811962906223,21
C[C@@]1(O)CCOC[C@H]1S(=O)(=O)C1CCCCC1,1.2737999999999998,0.813837258817141,17
CS(=O)(=O)[C@H]1CCC[C@@]1(O)C1Cc2ccccc2C1,1.7296000000000002,0.8973581003885543,19
O=C([O-])C1CCCCn2c1nc1ccccc1c2=O,0.4138999999999997,0.7413754497118185,19
CC(=O)C1CCCc2c1c1ccccc1[nH]c2=O,2.537000000000001,0.8336820858264737,18
CC(C)(F)/C([O-])=N/S(=O)(=O)N1CCCCC1,0.2240000000000002,0.531930099674433,16
c1ccc([C@@H]2NCCc3sccc32)cc1,2.983200000000001,0.7708450512652406,15
O=[N+]([O-])c1ccccc1[S@@](=O)c1ccccc1,2.7615000000000007,0.618563278086733,17
C=CCC1NCCC[C@@H]1S(=O)(=O)c1ccc(Cl)nn1,1.6004,0.8553450851350917,19
CCC1=C(C)C(N2CCOCC2)=[NH+]P(N2CCOCC2)(N2CCOCC2)=N1,0.10590000000000455,0.6810829550510298,27
CC1(C)Cc2c(sc3c2c2ncnn2c2nncn32)CO1,1.838,0.49540880948270083,21
CCC1=NN2C(=NC(=O)C/C2=N\C(C)=O)S1,0.9899999999999999,0.6823714491135024,16
O=C1NC2(CCNCC2)N([C@H]2COc3ccccc3O2)c2ncccc21,1.5085999999999995,0.8103147355901185,26
Cc1ccc(/C([O-])=N/S(=O)(=O)c2ccc(C#N)cc2)c(C(F)(F)F)c1F,2.5204000000000013,0.4610022352523989,26
CCCC1=NN[C@@H]([C@@H]2C=c3ccccc3=[NH+]2)O1,-1.3909999999999982,0.6714224009992,17
c1nnc2c3nncn3c3nonc3n12,-0.6918000000000002,0.3716294945025123,15
Cc1ccc(/[NH+]=c2/ccc3ccc(O)cc3o2)c(C(N)=O)c1,0.8587200000000001,0.6546557195448903,22
CC1(C)CCCC[C@]1(O)[C@H]1[NH2+]Cc2ccccc21,2.1359999999999992,0.7823742663572342,18
Cc1ccc(S(=O)(=O)c2ccc(NNC=O)cc2)cc1,1.9007200000000002,0.6512244714625736,20
CCCn1cnc2cc(/N=C/c3cc([N+](=O)[O-])ccc3[O-])ccc21,3.178700000000001,0.40899159195882634,24
O=C1/C(=N\CCCCCl)[C@H](Cl)C(=O)c2ccccc21,3.133000000000002,0.6330371239588137,19
CCCCc1cc(C)ccc1/[NH+]=c1/ccc2ccc(O)cc2o1,3.1024200000000013,0.7778207036580975,23
CC(C)C1CCc2c1nc1n(c2=O)[C@@H](CC=O)CS1,2.1649000000000003,0.627848808361225,19
COc1c([N+](=O)[O-])ccc(Cl)c1/C=N/n1cnnc1,1.7304999999999997,0.4829552344573434,19
C[C@@H]([NH3+])CC1=NC(=O)C2(CCCCCC2)C([O-])=N1,0.04500000000000037,0.7503388843394737,18
C/C(=N\n1cnc2sc3c(c2c1=O)CCCC3)N(C)C,2.0799000000000003,0.5966451527444512,20
O=C1[NH+]=c2ccc(/N=C/c3cc([N+](=O)[O-])ccc3Cl)cc2=[NH+]1,-1.467199999999999,0.41067185535992035,22
CC(=O)NN1C(=O)NC2(CCC(C)CC2)C1=O,0.5381999999999993,0.6553602581505613,17
Cn1ncc2c1N(c1ccccc1)C(=O)C[C@@H]2c1ccco1,3.213400000000002,0.7287032753641253,22
CCC[C@@H]1CC[C@H](C)c2nc3cc(F)c(Cl)cc3cc21,5.808300000000004,0.680326454117771,20
Cn1c(=O)n(C)c2cc([SH](=O)=O)ccc21,-0.15269999999999984,0.6876910834054575,15
Clc1ccc2nc3ccccc3cc2c1,4.041400000000001,0.5138486507715155,15
CC1(C)CCC(C#N)([C@]2(O)CCC[NH2+]C2)CC1,1.18488,0.7193023555969629,17
CC(C)(C)C1NCCC[C@@H]1[S@@](=O)c1ncccc1[N+](=O)[O-],2.2641,0.6834059384424385,21
O=C1CS/C(=N\N=C\c2cccc([N+](=O)[O-])c2)N1,1.1477,0.5027125467368669,18
Cc1cc(C)nc(S(=O)(=O)[C@H]2CCNC2C(C)(C)C)n1,1.6437399999999993,0.8403091435838866,20
C[C@@H]1CN(S(=O)(=O)N2CCNC(c3ccc(F)cc3)C2)C[C@H](C)O1,1.1260000000000003,0.8808626531277928,24
C[CH]/C([O-])=N/S(=O)(=O)c1ccc(C)cc1C,0.9751299999999997,0.5827609004533684,16
Cc1ccc2nc3n(c2n1)CCCCC3c1ccccc1,4.055520000000003,0.6713901210571226,21
Cn1c(=O)oc(=O)c2cc(Br)cc(Cl)c21,1.9075999999999997,0.7445238603166319,15
COOc1ccc([C@H]2C3=C(CCCC3=O)Nc3[nH]c(=S)[nH]c(=O)c32)cc1,2.93719,0.4361150182105824,26
CCCC1(C)[CH][C@@H]([S@@](=O)c2ccc(F)cc2)CCC1,4.496490000000004,0.794050413999218,19
Cc1ccc(N2[CH]N=C(O)c3c2sc2c3CC[NH+](C)C2)cc1,2.20291,0.8472437335828815,22
O=C1CN[C@@H](c2ccccc2)c2cc(Br)ccc2N1,3.0802000000000014,0.8485620578116093,19
[CH]1C=C(c2ccc3c(c2)OCCO3)N=[NH+]1,0.5068900000000001,0.7206466143005554,15
CCc1cccc(/N=N/c2ncc([N+](=O)[O-])s2)c1,4.029100000000002,0.47357447814860293,18
Cc1cccc2c3c(c(=O)oc12)CCC3CO,2.1235200000000005,0.7633319235128992,17
CC1=C(C=O)[C@@]2(OC(=O)[O-])C(=O)c3ccccc3[C@]2(O)O1,-0.3702000000000001,0.5833436402261232,21
O=C1c2ccccc2-n2c(nc3ccccc3c2=O)[C@@H]([CH]O)N1Cc1ccccc1,3.617090000000003,0.573975779593382,30
C[NH2+][C@H]1c2cc3c(cc2S(=O)(=O)[C@H](C)[C@H]1C)CCC3,1.2214999999999998,0.8407626304119027,19
O=C1c2ccccc2[C@@]2(O)NC(=S)N[C@]12O,-0.8057000000000003,0.4413011188523848,16
Cc1ccc(N2c3ccccc3C(=O)NC23CCNCC3)cc1C,3.2646400000000018,0.8471789591345888,24
C[C@H]1CN/C(=N\c2cc(F)cc(F)c2)S1,2.677200000000001,0.798780962503897,15
O=C1Nc2c(Cl)cccc2[C@]12CC(O)=Nc1[nH]ncc12,2.293,0.6944867852543447,20
O=C1NC(=O)[C@@]2(CCCCc3ccccc32)N1,1.4477000000000002,0.6626070005984778,17
O=C1CC[C@@]2(CCN1)NC(=O)c1ccccc1N2C(=O)[O-],-0.4239000000000006,0.6763675249795105,21
CN/C([O-])=C(\C#N)C(=O)CCN1C(=O)CCc2cc(F)ccc21,0.3789800000000003,0.481103706872821,23
Cc1ccc2c(c1)N(c1ccc(F)cc1)[C@]1(CCNC(=O)CC1)NC2=O,3.0120200000000006,0.8284693889135162,26
CC(=O)C1=CC[C@H]2[C@H]3CC[C@@H]4C[C@H](O)CC[C@]4(C)[C@@H]3CC[C@@]12C,4.515300000000004,0.7722622274644187,23
C[C@H]1Cc2sc3ncn4cnnc4c3c2C(N2CCCCC2)C1,3.4483000000000015,0.6866547549489287,23
Cc1cccc2c1NS(=O)(=O)c1ccc(Cl)cc1-2,3.4296200000000017,0.8029614786820827,18
C[C@H]1C[NH2+][C@H]2[C@@H](CCC2(C)C)S(=O)(=O)C1,0.1715000000000011,0.6471974820759071,15
Cc1nc2n(n1)CCC[C@H]2[NH2+][C@H]1CCc2sc(Cl)cc21,2.38722,0.9256816597172941,20
C=CCCc1cc(C)nc2c3ccccc3nn12,3.309520000000002,0.6541018809434602,18
c1ccc(C2(c3ccccc3)OCc3ccccc32)cc1,4.508700000000004,0.6667065580660221,21
Cn1ncc2c1N(C1[NH+]=c3ccccc3=[NH+]1)C(=O)C[C@H]2c1ccco1,-2.720499999999996,0.5341237698645791,25
C[C@@H]1CCC[C@@]2(C1)NN(c1ccccc1)C([S-])=[NH+]2,0.9011,0.7362087618814286,18
Cn1ncc2c1N=C(O)C[C@H]2c1cccc(C(N)=O)c1,1.6425999999999996,0.8682294669246877,20
